Date,Children apprehended and placed in CBP custody*,Children in CBP custody,Children transferred out of CBP custody,Children in HHS Care,Children discharged from HHS Care,Transfer_Valid,Discharge_Valid,Month,Total System Load,Net Intake,Load Growth Rate,7-Day Rolling Average,14-Day Rolling Average,System Strain
2023-01-12,33.0,53.0,34.0,6566.0,436.0,True,True,2023-01,6619.0,-437.0,,,,True
2023-01-22,32.0,49.0,39.0,7122.0,227.0,True,True,2023-01,7171.0,-234.0,8.339628342649942,,,True
2023-01-23,32.0,50.0,39.0,7280.0,181.0,True,True,2023-01,7330.0,-188.0,2.2172639799191263,,,True
2023-01-24,47.0,42.0,47.0,7433.0,175.0,False,True,2023-01,7475.0,-175.0,1.9781718963165051,,,True
2023-01-25,20.0,22.0,41.0,7538.0,180.0,False,True,2023-01,7560.0,-201.0,1.1371237458194017,,,True
2023-01-29,23.0,45.0,11.0,7472.0,303.0,True,True,2023-01,7517.0,-291.0,-0.5687830687830742,,,True
2023-01-30,34.0,54.0,29.0,7743.0,196.0,True,True,2023-01,7797.0,-191.0,3.7248902487694524,7352.714285714285,,True
2023-01-31,26.0,36.0,36.0,7803.0,158.0,True,True,2023-01,7839.0,-168.0,0.538668718737978,7527.0,,True
2023-02-01,25.0,32.0,27.0,7903.0,231.0,True,True,2023-02,7935.0,-233.0,1.2246460007653948,7636.142857142857,,True
2023-02-02,15.0,13.0,23.0,7879.0,298.0,False,True,2023-02,7892.0,-306.0,-0.5419029615627013,7716.428571428572,,True
2023-02-05,16.0,18.0,15.0,7586.0,342.0,True,True,2023-02,7604.0,-341.0,-3.6492650785605707,7734.857142857143,,True
2023-02-06,11.0,22.0,12.0,7720.0,196.0,True,True,2023-02,7742.0,-197.0,1.8148342977380327,7760.857142857143,,True
2023-02-07,16.0,20.0,20.0,7855.0,200.0,True,True,2023-02,7875.0,-204.0,1.7179023508137492,7812.0,,True
2023-02-08,93.0,196.0,169.0,7915.0,317.0,True,True,2023-02,8111.0,-393.0,2.9968253968253977,7856.857142857143,7604.785714285715,True
2023-02-09,124.0,234.0,161.0,7908.0,353.0,True,True,2023-02,8142.0,-390.0,0.3821970163974786,7900.142857142857,7713.571428571428,True
2023-02-12,92.0,203.0,173.0,7434.0,317.0,True,True,2023-02,7637.0,-398.0,-6.202407270940801,7857.571428571428,7746.857142857143,True
2023-02-13,186.0,259.0,172.0,7483.0,244.0,True,True,2023-02,7742.0,-230.0,1.3748854262144894,7836.142857142857,7776.285714285715,True
2023-02-14,154.0,225.0,220.0,7794.0,223.0,True,True,2023-02,8019.0,-289.0,3.577886850942913,7895.428571428572,7815.142857142857,True
2023-02-15,91.0,199.0,172.0,7869.0,290.0,True,True,2023-02,8068.0,-371.0,0.6110487591969083,7942.0,7851.428571428572,True
2023-02-16,81.0,213.0,153.0,7793.0,361.0,True,True,2023-02,8006.0,-433.0,-0.7684680218145723,7960.714285714285,7886.357142857143,True
2023-02-20,209.0,285.0,184.0,7817.0,209.0,True,True,2023-02,8102.0,-184.0,1.1991006744941357,7959.428571428572,7908.142857142857,True
2023-02-21,184.0,314.0,217.0,7967.0,213.0,True,True,2023-02,8281.0,-246.0,2.209331029375461,7979.285714285715,7939.714285714285,True
2023-02-22,107.0,215.0,230.0,7978.0,232.0,False,True,2023-02,8193.0,-355.0,-1.0626735901461126,8058.714285714285,7958.142857142857,True
2023-02-23,101.0,162.0,178.0,7914.0,386.0,False,True,2023-02,8076.0,-463.0,-1.42804833394361,8106.428571428572,7971.285714285715,True
2023-02-26,99.0,190.0,176.0,7609.0,323.0,True,True,2023-02,7799.0,-400.0,-3.42991579990094,8075.0,7985.214285714285,True
2023-02-27,167.0,239.0,166.0,7800.0,248.0,True,True,2023-02,8039.0,-247.0,3.077317604821128,8070.857142857143,8006.428571428572,True
2023-02-28,115.0,216.0,169.0,7896.0,200.0,True,True,2023-02,8112.0,-254.0,0.9080731434258027,8086.0,8023.357142857143,True
2023-03-01,84.0,158.0,193.0,7930.0,307.0,False,True,2023-03,8088.0,-416.0,-0.295857988165682,8084.0,8021.714285714285,True
2023-03-02,130.0,227.0,192.0,7870.0,335.0,True,True,2023-03,8097.0,-397.0,0.1112759643916883,8057.714285714285,8018.5,True
2023-03-07,88.0,214.0,160.0,7859.0,259.0,True,True,2023-03,8073.0,-331.0,-0.2964060763245624,8040.571428571428,8049.642857142857,True
2023-03-08,113.0,208.0,159.0,7885.0,291.0,True,True,2023-03,8093.0,-337.0,0.24773937817414993,8043.0,8074.714285714285,True
2023-03-09,174.0,285.0,150.0,7786.0,340.0,True,True,2023-03,8071.0,-316.0,-0.27183986160880247,8081.857142857143,8078.428571428572,True
2023-03-13,104.0,230.0,206.0,7567.0,249.0,True,True,2023-03,7797.0,-351.0,-3.3948705240986254,8047.285714285715,8059.071428571428,True
2023-03-14,147.0,276.0,214.0,7810.0,181.0,True,True,2023-03,8086.0,-248.0,3.70655380274465,8043.571428571428,8064.785714285715,True
2023-03-15,108.0,220.0,213.0,7915.0,286.0,True,True,2023-03,8135.0,-391.0,0.6059856542171671,8050.285714285715,8067.142857142857,True
2023-03-16,180.0,280.0,146.0,7989.0,308.0,True,True,2023-03,8269.0,-274.0,1.647203441917644,8074.857142857143,8066.285714285715,True
2023-03-19,134.0,294.0,186.0,7885.0,306.0,True,True,2023-03,8179.0,-358.0,-1.0884024670455905,8090.0,8065.285714285715,True
2023-03-20,202.0,313.0,158.0,7931.0,279.0,True,True,2023-03,8244.0,-235.0,0.7947181807066883,8111.571428571428,8077.285714285715,True
2023-03-21,110.0,272.0,193.0,8050.0,221.0,True,True,2023-03,8322.0,-304.0,0.9461426491994107,8147.428571428572,8114.642857142857,True
2023-03-22,166.0,277.0,229.0,8097.0,246.0,True,True,2023-03,8374.0,-309.0,0.6248497957221932,8229.857142857143,8138.571428571428,True
2023-03-23,136.0,276.0,178.0,8102.0,331.0,True,True,2023-03,8378.0,-373.0,0.04776689754000252,8271.57142857143,8157.571428571428,True
2023-03-26,87.0,246.0,173.0,7847.0,352.0,True,True,2023-03,8093.0,-438.0,-3.4017665313917367,8265.57142857143,8157.928571428572,True
2023-03-27,84.0,171.0,157.0,7994.0,235.0,True,True,2023-03,8165.0,-308.0,0.8896577289015273,8250.714285714286,8162.785714285715,True
2023-03-28,167.0,209.0,157.0,8079.0,223.0,True,True,2023-03,8288.0,-213.0,1.5064298836497292,8266.285714285714,8178.142857142857,True
2023-03-29,109.0,245.0,159.0,8208.0,267.0,True,True,2023-03,8453.0,-317.0,1.9908301158301223,8296.142857142857,8203.857142857143,True
2023-03-30,156.0,256.0,176.0,8158.0,359.0,True,True,2023-03,8414.0,-379.0,-0.4613746598840618,8309.285714285714,8228.357142857143,True
2023-04-02,125.0,232.0,192.0,7981.0,304.0,True,True,2023-04,8213.0,-371.0,-2.388875683384839,8286.285714285714,8258.07142857143,True
2023-04-03,118.0,139.0,168.0,8054.0,284.0,False,True,2023-04,8193.0,-334.0,-0.24351637647631597,8259.857142857143,8265.714285714286,True
2023-04-04,142.0,235.0,139.0,8068.0,259.0,True,True,2023-04,8303.0,-256.0,1.3426095447333086,8289.857142857143,8277.714285714286,True
2023-04-05,148.0,245.0,175.0,8175.0,260.0,True,True,2023-04,8420.0,-287.0,1.4091292303986425,8326.285714285714,8288.5,True
2023-04-06,119.0,219.0,210.0,8178.0,284.0,True,True,2023-04,8397.0,-375.0,-0.2731591448931092,8341.857142857143,8304.07142857143,True
2023-04-09,105.0,210.0,149.0,7900.0,329.0,True,True,2023-04,8110.0,-373.0,-3.4178873407169186,8292.857142857143,8294.5,True
2023-04-10,143.0,203.0,163.0,7826.0,265.0,True,True,2023-04,8029.0,-285.0,-0.998766954377317,8237.857142857143,8273.57142857143,True
2023-04-11,119.0,209.0,152.0,7922.0,187.0,True,True,2023-04,8131.0,-220.0,1.2703948187819059,8226.142857142857,8256.214285714286,True
2023-04-12,155.0,212.0,181.0,7876.0,283.0,True,True,2023-04,8088.0,-309.0,-0.5288402410527637,8211.142857142857,8235.5,True
2023-04-13,109.0,214.0,173.0,7795.0,370.0,True,True,2023-04,8009.0,-434.0,-0.97675568743818,8169.142857142857,8229.5,True
2023-04-16,191.0,283.0,192.0,7380.0,272.0,True,True,2023-04,7663.0,-273.0,-4.320139842676984,8061.0,8193.642857142857,True
2023-04-17,170.0,297.0,196.0,7344.0,248.0,True,True,2023-04,7641.0,-274.0,-0.2870938274827095,7953.0,8147.428571428572,True
2023-04-18,152.0,272.0,214.0,7376.0,234.0,True,True,2023-04,7648.0,-296.0,0.0916110456746555,7887.0,8089.928571428572,True
2023-04-19,239.0,367.0,224.0,7356.0,229.0,True,True,2023-04,7723.0,-214.0,0.9806485355648542,7843.285714285715,8040.571428571428,True
2023-04-20,113.0,280.0,237.0,7490.0,320.0,True,True,2023-04,7770.0,-444.0,0.6085717985238936,7791.714285714285,8008.928571428572,True
2023-04-23,196.0,306.0,187.0,7534.0,266.0,True,True,2023-04,7840.0,-257.0,0.9009009009008917,7756.285714285715,7983.714285714285,True
2023-04-24,236.0,330.0,222.0,7796.0,213.0,True,True,2023-04,8126.0,-199.0,3.647959183673466,7773.0,7971.071428571428,True
2023-04-25,81.0,230.0,242.0,8017.0,202.0,False,True,2023-04,8247.0,-363.0,1.4890475018459304,7856.428571428572,7958.714285714285,True
2023-04-26,118.0,245.0,160.0,8117.0,256.0,True,True,2023-04,8362.0,-298.0,1.3944464653813604,7959.428571428572,7956.214285714285,True
2023-04-27,218.0,283.0,208.0,8159.0,310.0,True,True,2023-04,8442.0,-300.0,0.9567089213107005,8072.857142857143,7979.928571428572,True
2023-04-30,132.0,243.0,183.0,8352.0,293.0,True,True,2023-04,8595.0,-344.0,1.8123667377398789,8197.42857142857,8020.357142857143,True
2023-05-01,224.0,315.0,152.0,8492.0,237.0,True,True,2023-05,8807.0,-165.0,2.4665503199534644,8345.57142857143,8068.642857142857,True
2023-05-02,167.0,326.0,213.0,8654.0,245.0,True,True,2023-05,8980.0,-291.0,1.964346542522999,8508.42857142857,8132.357142857143,True
2023-05-03,209.0,353.0,232.0,8704.0,267.0,True,True,2023-05,9057.0,-290.0,0.8574610244988845,8641.42857142857,8207.214285714286,True
2023-05-04,153.0,253.0,286.0,8790.0,332.0,False,True,2023-05,9043.0,-465.0,-0.15457657060836683,8755.142857142857,8305.785714285714,True
2023-05-07,180.0,337.0,219.0,8485.0,375.0,True,True,2023-05,8822.0,-414.0,-2.4438792436138446,8820.857142857143,8390.142857142857,True
2023-05-08,133.0,287.0,189.0,8590.0,261.0,True,True,2023-05,8877.0,-317.0,0.6234413965087171,8883.0,8477.92857142857,True
2023-05-09,187.0,310.0,247.0,8606.0,250.0,True,True,2023-05,8916.0,-310.0,0.4393376140588101,8928.857142857143,8563.142857142857,True
2023-05-10,168.0,285.0,210.0,8681.0,304.0,True,True,2023-05,8966.0,-346.0,0.56078959174517,8951.57142857143,8648.57142857143,True
2023-05-11,269.0,412.0,204.0,8672.0,392.0,True,True,2023-05,9084.0,-327.0,1.3160829801472262,8966.42857142857,8737.42857142857,True
2023-05-14,100.0,255.0,236.0,8445.0,288.0,True,True,2023-05,8700.0,-424.0,-4.227212681638049,8915.42857142857,8778.42857142857,True
2023-05-15,205.0,294.0,177.0,8571.0,277.0,True,True,2023-05,8865.0,-249.0,1.8965517241379404,8890.0,8822.57142857143,True
2023-05-16,161.0,304.0,211.0,8572.0,272.0,True,True,2023-05,8876.0,-322.0,0.12408347433727762,8897.714285714286,8859.285714285714,True
2023-05-17,57.0,162.0,193.0,8569.0,307.0,False,True,2023-05,8731.0,-443.0,-1.6336187471834185,8876.857142857143,8879.92857142857,True
2023-05-18,80.0,122.0,152.0,8474.0,351.0,False,True,2023-05,8596.0,-423.0,-1.5462146374985664,8831.142857142857,8880.0,True
2023-05-21,107.0,170.0,133.0,7826.0,343.0,True,True,2023-05,7996.0,-369.0,-6.979990693345739,8692.57142857143,8822.07142857143,True
2023-05-22,99.0,156.0,139.0,7848.0,240.0,True,True,2023-05,8004.0,-280.0,0.10005002501249916,8538.285714285714,8752.357142857143,True
2023-05-23,25.0,66.0,94.0,7788.0,246.0,False,True,2023-05,7854.0,-315.0,-1.874062968515744,8417.42857142857,8666.42857142857,True
2023-05-24,35.0,70.0,53.0,7709.0,276.0,True,True,2023-05,7779.0,-294.0,-0.9549274255156615,8262.285714285714,8576.142857142857,True
2023-05-25,43.0,73.0,64.0,7546.0,408.0,True,True,2023-05,7619.0,-429.0,-2.056819642627583,8082.714285714285,8490.214285714286,True
2023-05-29,41.0,60.0,71.0,6996.0,207.0,False,True,2023-05,7056.0,-237.0,-7.389421183882394,7843.428571428572,8360.142857142857,True
2023-05-30,65.0,83.0,65.0,7046.0,168.0,True,True,2023-05,7129.0,-168.0,1.0345804988662222,7633.857142857143,8232.5,True
2023-05-31,38.0,80.0,82.0,7053.0,210.0,False,True,2023-05,7133.0,-254.0,0.05610885117126596,7510.571428571428,8101.571428571428,True
2023-06-01,56.0,82.0,68.0,7002.0,287.0,True,True,2023-06,7084.0,-299.0,-0.6869479882237517,7379.142857142857,7958.714285714285,True
2023-06-04,74.0,103.0,80.0,6555.0,292.0,True,True,2023-06,6658.0,-298.0,-6.013551665725581,7208.285714285715,7812.857142857143,True
2023-06-05,68.0,107.0,102.0,6523.0,189.0,True,True,2023-06,6630.0,-223.0,-0.4205467107239458,7044.142857142857,7653.214285714285,True
2023-06-06,92.0,124.0,93.0,6508.0,187.0,True,True,2023-06,6632.0,-188.0,0.030165912518853588,6903.142857142857,7492.928571428572,True
2023-06-07,113.0,162.0,107.0,6483.0,208.0,True,True,2023-06,6645.0,-202.0,0.19601930036188264,6844.428571428572,7343.928571428572,True
2023-06-08,106.0,196.0,131.0,6446.0,255.0,True,True,2023-06,6642.0,-280.0,-0.04514672686229959,6774.857142857143,7204.357142857143,True
2023-06-11,86.0,152.0,168.0,6007.0,238.0,False,True,2023-06,6159.0,-320.0,-7.271906052393861,6635.714285714285,7073.142857142857,False
2023-06-12,84.0,118.0,136.0,6021.0,177.0,False,True,2023-06,6139.0,-229.0,-0.32472804026627555,6500.714285714285,6939.928571428572,False
2023-06-13,59.0,64.0,117.0,6061.0,146.0,False,True,2023-06,6125.0,-204.0,-0.22805017103763037,6424.571428571428,6816.428571428572,False
2023-06-14,62.0,97.0,52.0,6065.0,167.0,True,True,2023-06,6162.0,-157.0,0.604081632653064,6357.714285714285,6700.928571428572,False
2023-06-15,91.0,75.0,97.0,6038.0,272.0,False,True,2023-06,6113.0,-278.0,-0.7951963648166194,6283.571428571428,6593.357142857143,False
2023-06-19,29.0,51.0,11.0,5679.0,142.0,True,True,2023-06,5730.0,-124.0,-6.265336168820546,6152.857142857143,6498.642857142857,False
2023-06-20,33.0,53.0,34.0,5904.0,134.0,True,True,2023-06,5957.0,-135.0,3.961605584642225,6055.0,6414.928571428572,False
2023-06-21,93.0,196.0,169.0,5922.0,149.0,True,True,2023-06,6118.0,-225.0,2.7027027027026973,6049.142857142857,6342.428571428572,False
2023-06-22,124.0,234.0,161.0,5956.0,207.0,True,True,2023-06,6190.0,-244.0,1.1768551814318462,6056.428571428572,6278.571428571428,False
2023-06-25,92.0,203.0,173.0,5766.0,263.0,True,True,2023-06,5969.0,-344.0,-3.5702746365104954,6034.142857142857,6229.357142857143,False
2023-06-26,186.0,259.0,172.0,5819.0,174.0,True,True,2023-06,6078.0,-160.0,1.8261015245434775,6022.142857142857,6189.928571428572,False
2023-06-27,154.0,225.0,220.0,5917.0,155.0,True,True,2023-06,6142.0,-221.0,1.0529779532741035,6026.285714285715,6154.928571428572,False
2023-06-28,91.0,199.0,172.0,5999.0,174.0,True,True,2023-06,6198.0,-255.0,0.9117551286226044,6093.142857142857,6123.0,False
2023-06-29,81.0,213.0,153.0,6058.0,213.0,True,True,2023-06,6271.0,-285.0,1.177799290093584,6138.0,6096.5,True
2023-07-02,209.0,285.0,184.0,5903.0,309.0,True,True,2023-07,6188.0,-284.0,-1.3235528623823933,6148.0,6098.571428571428,False
2023-07-04,184.0,314.0,217.0,6127.0,124.0,True,True,2023-07,6441.0,-157.0,4.088558500323214,6183.857142857143,6120.142857142857,True
2023-07-05,107.0,215.0,230.0,6193.0,167.0,False,True,2023-07,6408.0,-290.0,-0.5123428039124356,6246.571428571428,6140.357142857143,True
2023-07-06,101.0,162.0,178.0,6239.0,205.0,False,True,2023-07,6401.0,-282.0,-0.10923845193507864,6292.714285714285,6157.428571428572,True
2023-07-09,99.0,190.0,176.0,6214.0,196.0,True,True,2023-07,6404.0,-273.0,0.04686767692547722,6330.142857142857,6178.214285714285,True
2023-07-10,167.0,239.0,166.0,6346.0,163.0,True,True,2023-07,6585.0,-162.0,2.826358525921302,6385.428571428572,6239.285714285715,True
2023-07-11,115.0,216.0,169.0,6498.0,143.0,True,True,2023-07,6714.0,-197.0,1.9589977220956678,6448.714285714285,6293.357142857143,True
2023-07-12,84.0,158.0,193.0,6521.0,210.0,False,True,2023-07,6679.0,-319.0,-0.5212987786714307,6518.857142857143,6333.428571428572,True
2023-07-13,130.0,227.0,192.0,6604.0,226.0,True,True,2023-07,6831.0,-288.0,2.2757897888905587,6574.571428571428,6379.214285714285,True
2023-07-16,88.0,214.0,160.0,6468.0,218.0,True,True,2023-07,6682.0,-290.0,-2.1812326160152273,6613.714285714285,6430.142857142857,True
2023-07-17,113.0,208.0,159.0,6632.0,160.0,True,True,2023-07,6840.0,-206.0,2.3645615085303717,6676.428571428572,6484.571428571428,True
2023-07-18,174.0,285.0,150.0,6874.0,181.0,True,True,2023-07,7159.0,-157.0,4.66374269005847,6784.285714285715,6557.214285714285,True
2023-07-19,104.0,230.0,206.0,7001.0,226.0,True,True,2023-07,7231.0,-328.0,1.005727056851513,6876.571428571428,6631.0,True
2023-07-20,147.0,276.0,214.0,7116.0,281.0,True,True,2023-07,7392.0,-348.0,2.2265246853823806,6973.428571428572,6711.071428571428,True
2023-07-23,108.0,220.0,213.0,7052.0,276.0,True,True,2023-07,7272.0,-381.0,-1.6233766233766267,7058.142857142857,6788.5,True
2023-07-24,180.0,280.0,146.0,7220.0,187.0,True,True,2023-07,7500.0,-153.0,3.1353135313531455,7153.714285714285,6864.142857142857,True
2023-07-25,134.0,294.0,186.0,7510.0,136.0,True,True,2023-07,7804.0,-188.0,4.053333333333331,7314.0,6963.857142857143,True
2023-07-26,202.0,313.0,158.0,7647.0,215.0,True,True,2023-07,7960.0,-171.0,1.9989748846745314,7474.0,7075.214285714285,True
2023-07-27,110.0,272.0,193.0,7754.0,259.0,True,True,2023-07,8026.0,-342.0,0.8291457286432102,7597.857142857143,7191.071428571428,True
2023-07-30,166.0,277.0,229.0,7671.0,305.0,True,True,2023-07,7948.0,-368.0,-0.9718415150759996,7700.285714285715,7288.428571428572,True
2023-07-31,136.0,276.0,178.0,7800.0,220.0,True,True,2023-07,8076.0,-262.0,1.610468042274782,7798.0,7385.714285714285,True
2023-08-01,87.0,246.0,173.0,8103.0,168.0,True,True,2023-08,8349.0,-254.0,3.3803863298662806,7951.857142857143,7505.0,True
2023-08-02,84.0,171.0,157.0,8261.0,271.0,True,True,2023-08,8432.0,-344.0,0.9941310336567311,8085.0,7619.357142857143,True
2023-08-03,167.0,209.0,157.0,8294.0,339.0,True,True,2023-08,8503.0,-329.0,0.8420303605312984,8184.857142857143,7749.428571428572,True
2023-08-06,109.0,245.0,159.0,8298.0,322.0,True,True,2023-08,8543.0,-372.0,0.4704222039280337,8268.142857142857,7871.071428571428,True
2023-08-07,156.0,256.0,176.0,8493.0,202.0,True,True,2023-08,8749.0,-222.0,2.4113309141987616,8371.42857142857,7984.642857142857,True
2023-08-08,125.0,232.0,192.0,8725.0,207.0,True,True,2023-08,8957.0,-274.0,2.3774145616641817,8515.57142857143,8107.928571428572,True
2023-08-09,118.0,139.0,168.0,8888.0,251.0,False,True,2023-08,9027.0,-301.0,0.7815116668527411,8651.42857142857,8224.714285714286,True
2023-08-10,142.0,235.0,139.0,8914.0,353.0,True,True,2023-08,9149.0,-350.0,1.3515010523983628,8765.714285714286,8358.785714285714,True
2023-08-16,148.0,245.0,175.0,9634.0,288.0,True,True,2023-08,9879.0,-315.0,7.979014099901627,8972.42857142857,8528.714285714286,True
2023-08-17,119.0,219.0,210.0,9694.0,407.0,True,True,2023-08,9913.0,-498.0,0.34416438910820357,9173.857142857143,8679.357142857143,True
2023-08-20,105.0,210.0,149.0,9483.0,390.0,True,True,2023-08,9693.0,-434.0,-2.219307979420959,9338.142857142857,8803.142857142857,True
2023-08-21,143.0,203.0,163.0,9668.0,281.0,True,True,2023-08,9871.0,-301.0,1.8363767667388897,9498.42857142857,8934.92857142857,True
2023-08-22,119.0,209.0,152.0,9921.0,230.0,True,True,2023-08,10130.0,-263.0,2.623847634484844,9666.0,9090.785714285714,True
2023-08-23,155.0,212.0,181.0,10071.0,285.0,True,True,2023-08,10283.0,-311.0,1.5103652517275412,9845.42857142857,9248.42857142857,True
2023-08-24,109.0,214.0,173.0,10026.0,443.0,True,True,2023-08,10240.0,-507.0,-0.41816590489156535,10001.285714285714,9383.5,True
2023-08-27,191.0,283.0,192.0,9873.0,488.0,True,True,2023-08,10156.0,-489.0,-0.8203124999999978,10040.857142857143,9506.642857142857,True
2023-08-28,170.0,297.0,196.0,10012.0,388.0,True,True,2023-08,10309.0,-414.0,1.5064986215045373,10097.42857142857,9635.642857142857,True
2023-08-29,152.0,272.0,214.0,10180.0,286.0,True,True,2023-08,10452.0,-348.0,1.387137452711218,10205.857142857143,9772.0,True
2023-08-30,239.0,367.0,224.0,10280.0,366.0,True,True,2023-08,10647.0,-351.0,1.8656716417910557,10316.714285714286,9907.57142857143,True
2023-08-31,113.0,280.0,237.0,10140.0,505.0,True,True,2023-08,10420.0,-629.0,-2.1320559782098236,10358.142857142857,10012.07142857143,True
2023-09-04,196.0,306.0,187.0,9988.0,293.0,True,True,2023-09,10294.0,-284.0,-1.2092130518234212,10359.714285714286,10102.57142857143,True
2023-09-05,236.0,330.0,222.0,10142.0,243.0,True,True,2023-09,10472.0,-229.0,1.7291626190013565,10392.857142857143,10197.07142857143,True
2023-09-06,81.0,230.0,242.0,10356.0,291.0,False,True,2023-09,10586.0,-452.0,1.0886172650878434,10454.285714285714,10247.57142857143,True
2023-09-07,118.0,245.0,160.0,10419.0,398.0,True,True,2023-09,10664.0,-440.0,0.7368222180238027,10505.0,10301.214285714286,True
2023-09-10,218.0,283.0,208.0,10282.0,382.0,True,True,2023-09,10565.0,-372.0,-0.9283570892723136,10521.142857142857,10363.5,True
2023-09-11,132.0,243.0,183.0,10492.0,277.0,True,True,2023-09,10735.0,-328.0,1.6090866067203002,10533.714285714286,10425.214285714286,True
2023-09-12,224.0,315.0,152.0,10649.0,316.0,True,True,2023-09,10964.0,-244.0,2.133209129017244,10611.42857142857,10484.785714285714,True
2023-09-13,167.0,326.0,213.0,10678.0,343.0,True,True,2023-09,11004.0,-389.0,0.36483035388543694,10712.857142857143,10536.285714285714,True
2023-09-14,209.0,353.0,232.0,10837.0,414.0,True,True,2023-09,11190.0,-437.0,1.6902944383860419,10815.42857142857,10604.142857142857,True
2023-09-17,153.0,253.0,286.0,10799.0,427.0,False,True,2023-09,11052.0,-560.0,-1.2332439678284235,10882.0,10668.142857142857,True
2023-09-18,180.0,337.0,219.0,10892.0,313.0,True,True,2023-09,11229.0,-352.0,1.601520086862096,10962.714285714286,10733.857142857143,True
2023-09-19,133.0,287.0,189.0,11095.0,260.0,True,True,2023-09,11382.0,-316.0,1.362543414373496,11079.42857142857,10800.285714285714,True
2023-09-20,187.0,310.0,247.0,11064.0,364.0,True,True,2023-09,11374.0,-424.0,-0.07028641714988959,11170.714285714286,10852.214285714286,True
2023-09-21,168.0,285.0,210.0,11067.0,428.0,True,True,2023-09,11352.0,-470.0,-0.19342359767892114,11226.142857142857,10918.785714285714,True
2023-09-24,269.0,412.0,204.0,10744.0,403.0,True,True,2023-09,11156.0,-338.0,-1.7265680056377741,11247.857142857143,10980.357142857143,True
2023-09-25,100.0,255.0,236.0,10842.0,284.0,True,True,2023-09,11097.0,-420.0,-0.5288633918967389,11234.57142857143,11025.0,True
2023-09-26,205.0,294.0,177.0,10978.0,332.0,True,True,2023-09,11272.0,-304.0,1.5770027935477993,11266.0,11074.0,True
2023-09-27,161.0,304.0,211.0,11017.0,331.0,True,True,2023-09,11321.0,-381.0,0.434705464868701,11279.142857142857,11120.92857142857,True
2023-09-28,57.0,162.0,193.0,10984.0,447.0,False,True,2023-09,11146.0,-583.0,-1.545799841003448,11245.42857142857,11162.42857142857,True
2023-10-01,80.0,122.0,152.0,10598.0,493.0,False,True,2023-10,10720.0,-565.0,-3.8219989233805873,11152.0,11161.357142857143,True
2023-10-02,107.0,170.0,133.0,10724.0,284.0,True,True,2023-10,10894.0,-310.0,1.6231343283582111,11086.57142857143,11156.357142857143,True
2023-10-03,99.0,156.0,139.0,10818.0,287.0,True,True,2023-10,10974.0,-327.0,0.7343491830365423,11060.57142857143,11154.214285714286,True
2023-10-04,25.0,66.0,94.0,10963.0,330.0,False,True,2023-10,11029.0,-399.0,0.5011846181884438,11050.857142857143,11142.714285714286,True
2023-10-05,35.0,70.0,53.0,11130.0,427.0,True,True,2023-10,11200.0,-445.0,1.5504578837610028,11040.57142857143,11153.285714285714,True
2023-10-09,43.0,73.0,64.0,10815.0,282.0,True,True,2023-10,10888.0,-303.0,-2.7857142857142803,10978.714285714286,11128.92857142857,True
2023-10-10,41.0,60.0,71.0,10910.0,257.0,False,True,2023-10,10970.0,-287.0,0.7531227038942045,10953.57142857143,11099.5,True
2023-10-11,65.0,83.0,65.0,10960.0,266.0,True,True,2023-10,11043.0,-266.0,0.6654512306289773,10999.714285714286,11075.857142857143,True
2023-10-12,38.0,80.0,82.0,10992.0,398.0,False,True,2023-10,11072.0,-442.0,0.2626097980621189,11025.142857142857,11055.857142857143,True
2023-10-15,56.0,82.0,68.0,10571.0,434.0,True,True,2023-10,10653.0,-446.0,-3.7843208092485536,10979.285714285714,11019.92857142857,True
2023-10-16,74.0,103.0,80.0,10629.0,331.0,True,True,2023-10,10732.0,-337.0,0.7415751431521622,10936.857142857143,10993.857142857143,True
2023-10-17,68.0,107.0,102.0,10630.0,315.0,True,True,2023-10,10737.0,-349.0,0.04658963846440045,10870.714285714286,10955.642857142857,True
2023-10-18,92.0,124.0,93.0,10511.0,393.0,True,True,2023-10,10635.0,-394.0,-0.9499860296172113,10834.57142857143,10906.642857142857,True
2023-10-19,113.0,162.0,107.0,10319.0,406.0,True,True,2023-10,10481.0,-400.0,-1.4480488951574944,10764.714285714286,10859.142857142857,True
2023-10-22,106.0,196.0,131.0,9506.0,454.0,True,True,2023-10,9702.0,-479.0,-7.432496899150842,10573.142857142857,10786.42857142857,True
2023-10-23,86.0,152.0,168.0,9436.0,327.0,False,True,2023-10,9588.0,-409.0,-1.1750154607297447,10361.142857142857,10693.142857142857,True
2023-10-24,84.0,118.0,136.0,9396.0,300.0,False,True,2023-10,9514.0,-352.0,-0.7717980809345049,10198.42857142857,10588.857142857143,True
2023-10-25,59.0,64.0,117.0,9351.0,293.0,False,True,2023-10,9415.0,-351.0,-1.0405717889426125,10010.285714285714,10473.57142857143,True
2023-10-26,62.0,97.0,52.0,9235.0,390.0,True,True,2023-10,9332.0,-380.0,-0.8815719596388716,9809.57142857143,10340.142857142857,True
2023-10-29,91.0,75.0,97.0,8925.0,418.0,False,True,2023-10,9000.0,-424.0,-3.557651093013292,9576.0,10205.285714285714,True
2023-10-30,29.0,51.0,11.0,9026.0,278.0,True,True,2023-10,9077.0,-260.0,0.855555555555565,9375.42857142857,10070.07142857143,True
2023-10-31,33.0,53.0,34.0,9072.0,295.0,True,True,2023-10,9125.0,-296.0,0.5288090778891696,9293.0,9933.07142857143,True
2023-11-01,132.0,235.0,197.0,9250.0,279.0,True,True,2023-11,9485.0,-344.0,3.945205479452052,9278.285714285714,9819.714285714286,True
2023-11-02,174.0,208.0,256.0,9442.0,330.0,False,True,2023-11,9650.0,-412.0,1.7395888244596813,9297.714285714286,9748.07142857143,True
2023-11-05,123.0,230.0,167.0,9273.0,370.0,True,True,2023-11,9503.0,-414.0,-1.523316062176161,9310.285714285714,9660.285714285714,True
2023-11-06,123.0,233.0,159.0,9286.0,316.0,True,True,2023-11,9519.0,-352.0,0.1683678838261704,9337.0,9573.285714285714,True
2023-11-07,141.0,232.0,188.0,9483.0,231.0,True,True,2023-11,9715.0,-278.0,2.0590398151066225,9439.142857142857,9507.57142857143,True
2023-11-08,158.0,226.0,191.0,9634.0,310.0,True,True,2023-11,9860.0,-343.0,1.4925373134328401,9551.0,9463.214285714286,True
2023-11-12,96.0,160.0,233.0,9477.0,313.0,False,True,2023-11,9637.0,-450.0,-2.2616632860040564,9624.142857142857,9458.57142857143,True
2023-11-13,141.0,173.0,129.0,9510.0,287.0,True,True,2023-11,9683.0,-275.0,0.4773269689737569,9652.42857142857,9465.357142857143,True
2023-11-14,116.0,181.0,182.0,9665.0,247.0,False,True,2023-11,9846.0,-313.0,1.6833625942373143,9680.42857142857,9489.07142857143,True
2023-11-15,150.0,157.0,201.0,9762.0,316.0,False,True,2023-11,9919.0,-367.0,0.7414178346536682,9739.857142857143,9525.07142857143,True
2023-11-16,80.0,176.0,125.0,9762.0,374.0,True,True,2023-11,9938.0,-419.0,0.191551567698367,9799.714285714286,9568.357142857143,True
2023-11-19,116.0,188.0,164.0,9573.0,435.0,True,True,2023-11,9761.0,-483.0,-1.7810424632722865,9806.285714285714,9622.714285714286,True
2023-11-20,105.0,185.0,158.0,9638.0,298.0,True,True,2023-11,9823.0,-351.0,0.635180821637138,9801.0,9676.0,True
2023-11-21,136.0,246.0,123.0,9804.0,250.0,True,True,2023-11,10050.0,-237.0,2.310902982795482,9860.0,9742.07142857143,True
2023-11-23,128.0,228.0,177.0,9838.0,283.0,True,True,2023-11,10066.0,-332.0,0.1592039800994982,9914.714285714286,9783.57142857143,True
2023-11-26,90.0,196.0,205.0,9845.0,312.0,False,True,2023-11,10041.0,-427.0,-0.24836081859725967,9942.57142857143,9811.5,True
2023-11-27,56.0,82.0,68.0,10123.0,214.0,True,True,2023-11,10205.0,-226.0,1.6333034558311033,9983.42857142857,9861.642857142857,True
2023-11-28,74.0,103.0,80.0,10223.0,223.0,True,True,2023-11,10326.0,-229.0,1.185693287604117,10038.857142857143,9919.285714285714,True
2023-11-29,68.0,107.0,102.0,10398.0,284.0,True,True,2023-11,10505.0,-318.0,1.73348828200659,10145.142857142857,9975.714285714286,True
2023-11-30,92.0,124.0,93.0,10536.0,320.0,True,True,2023-11,10660.0,-321.0,1.47548786292242,10264.714285714286,10032.857142857143,True
2023-12-03,132.0,235.0,197.0,10579.0,417.0,True,True,2023-12,10814.0,-482.0,1.4446529080675452,10373.857142857143,10116.92857142857,True
2023-12-04,174.0,208.0,256.0,10635.0,273.0,False,True,2023-12,10843.0,-355.0,0.2681708895875712,10484.857142857143,10199.785714285714,True
2023-12-05,123.0,230.0,167.0,10761.0,261.0,True,True,2023-12,10991.0,-305.0,1.364935903347786,10620.57142857143,10281.57142857143,True
2023-12-06,123.0,233.0,159.0,10832.0,376.0,True,True,2023-12,11065.0,-412.0,0.6732781366572738,10743.42857142857,10363.42857142857,True
2023-12-07,141.0,232.0,188.0,10897.0,466.0,True,True,2023-12,11129.0,-513.0,0.5784003615002309,10858.142857142857,10448.5,True
2023-12-10,158.0,226.0,191.0,10871.0,411.0,True,True,2023-12,11097.0,-444.0,-0.2875370653248277,10942.714285714286,10543.92857142857,True
2023-12-11,96.0,160.0,233.0,10998.0,304.0,False,True,2023-12,11158.0,-441.0,0.5496981166080994,11013.857142857143,10639.285714285714,True
2023-12-12,141.0,173.0,129.0,11077.0,259.0,True,True,2023-12,11250.0,-247.0,0.8245205233912811,11076.142857142857,10725.0,True
2023-12-13,116.0,181.0,182.0,11192.0,335.0,False,True,2023-12,11373.0,-401.0,1.093333333333324,11151.857142857143,10818.357142857143,True
2023-12-14,150.0,157.0,201.0,11242.0,396.0,False,True,2023-12,11399.0,-447.0,0.2286116240218128,11210.142857142857,10915.357142857143,True
2023-12-17,80.0,176.0,125.0,11092.0,456.0,True,True,2023-12,11268.0,-501.0,-1.149223616106676,11239.142857142857,10991.285714285714,True
2023-12-18,116.0,188.0,164.0,11149.0,364.0,True,True,2023-12,11337.0,-412.0,0.6123535676251235,11268.857142857143,11063.5,True
2023-12-19,105.0,185.0,158.0,11291.0,272.0,True,True,2023-12,11476.0,-325.0,1.2260739172620605,11323.0,11132.857142857143,True
2023-12-20,136.0,246.0,123.0,11516.0,390.0,True,True,2023-12,11762.0,-377.0,2.492157546183349,11409.285714285714,11211.57142857143,True
2023-12-21,128.0,228.0,177.0,11375.0,497.0,True,True,2023-12,11603.0,-546.0,-1.3518109165107983,11459.714285714286,11267.92857142857,True
2023-12-25,90.0,196.0,205.0,11144.0,347.0,False,True,2023-12,11340.0,-462.0,-2.266655175385679,11455.0,11303.42857142857,True
2023-12-26,56.0,82.0,68.0,11217.0,288.0,True,True,2023-12,11299.0,-300.0,-0.36155202821869237,11440.714285714286,11325.42857142857,True
2023-12-27,74.0,103.0,80.0,11206.0,335.0,True,True,2023-12,11309.0,-341.0,0.08850340738117968,11446.57142857143,11342.857142857143,True
2023-12-28,68.0,107.0,102.0,11230.0,357.0,True,True,2023-12,11337.0,-391.0,0.2475904147139385,11446.57142857143,11357.714285714286,True
2024-01-01,92.0,124.0,93.0,10870.0,290.0,True,True,2024-01,10994.0,-291.0,-3.0254917526682523,11377.714285714286,11350.357142857143,True
2024-01-02,113.0,162.0,107.0,10770.0,316.0,True,True,2024-01,10932.0,-310.0,-0.5639439694378745,11259.142857142857,11334.214285714286,True
2024-01-03,106.0,196.0,131.0,10718.0,263.0,True,True,2024-01,10914.0,-288.0,-0.16465422612513825,11160.714285714286,11310.214285714286,True
2024-01-04,86.0,152.0,168.0,10558.0,362.0,False,True,2024-01,10710.0,-444.0,-1.869158878504673,11070.714285714286,11262.857142857143,True
2024-01-07,84.0,118.0,136.0,9670.0,367.0,False,True,2024-01,9788.0,-419.0,-8.608776844070965,10854.857142857143,11147.785714285714,True
2024-01-08,59.0,64.0,117.0,9670.0,367.0,False,True,2024-01,9734.0,-425.0,-0.5516959542296695,10629.857142857143,11038.214285714286,True
2024-01-09,62.0,97.0,52.0,9311.0,286.0,True,True,2024-01,9408.0,-276.0,-3.3490856790630796,10354.285714285714,10900.42857142857,True
2024-01-10,91.0,75.0,97.0,9144.0,349.0,False,True,2024-01,9219.0,-355.0,-2.00892857142857,10100.714285714286,10739.214285714286,True
2024-01-11,29.0,51.0,11.0,8829.0,476.0,True,True,2024-01,8880.0,-458.0,-3.6771884152294154,9807.57142857143,10533.357142857143,True
2024-01-15,33.0,53.0,34.0,8033.0,234.0,True,True,2024-01,8086.0,-235.0,-8.941441441441444,9403.57142857143,10282.142857142857,True
2024-01-16,32.0,49.0,39.0,8133.0,188.0,True,True,2024-01,8182.0,-195.0,1.187237200098945,9042.42857142857,10056.57142857143,True
2024-01-17,80.0,176.0,125.0,8072.0,353.0,True,True,2024-01,8248.0,-398.0,0.8066487411390932,8822.42857142857,9838.642857142857,True
2024-01-18,116.0,188.0,164.0,8042.0,359.0,True,True,2024-01,8230.0,-407.0,-0.21823472356935492,8607.57142857143,9618.714285714286,True
2024-01-21,105.0,185.0,158.0,7974.0,371.0,True,True,2024-01,8159.0,-424.0,-0.8626974483596617,8429.142857142857,9391.714285714286,True
2024-01-22,136.0,246.0,123.0,8008.0,222.0,True,True,2024-01,8254.0,-209.0,1.164358377252106,8291.285714285714,9196.0,True
2024-01-23,128.0,228.0,177.0,8133.0,202.0,True,True,2024-01,8361.0,-251.0,1.296341167918591,8217.142857142857,9012.357142857143,True
2024-01-24,90.0,196.0,205.0,8212.0,243.0,False,True,2024-01,8408.0,-358.0,0.5621337160626627,8263.142857142857,8833.357142857143,True
2024-01-25,102.0,189.0,155.0,8180.0,293.0,True,True,2024-01,8369.0,-346.0,-0.4638439581351128,8289.857142857143,8666.142857142857,True
2024-01-28,120.0,257.0,126.0,8004.0,307.0,True,True,2024-01,8261.0,-313.0,-1.2904767594694722,8291.714285714286,8557.07142857143,True
2024-01-29,137.0,272.0,166.0,8057.0,195.0,True,True,2024-01,8329.0,-224.0,0.8231448977121358,8305.857142857143,8456.714285714286,True
2024-01-30,93.0,198.0,208.0,8182.0,187.0,False,True,2024-01,8380.0,-302.0,0.6123184055708997,8337.42857142857,8383.285714285714,True
2024-01-31,203.0,477.0,258.0,8153.0,266.0,True,True,2024-01,8630.0,-321.0,2.9832935560859086,8391.142857142857,8341.214285714286,True
2024-02-01,222.0,459.0,289.0,8026.0,337.0,True,True,2024-02,8485.0,-404.0,-1.6801853997682525,8408.857142857143,8313.0,True
2024-02-04,253.0,531.0,248.0,7813.0,342.0,True,True,2024-02,8344.0,-337.0,-1.6617560400707165,8399.714285714286,8331.42857142857,True
2024-02-05,157.0,466.0,345.0,7872.0,242.0,True,True,2024-02,8338.0,-430.0,-0.07190795781399917,8395.285714285714,8342.57142857143,True
2024-02-06,291.0,455.0,323.0,8045.0,178.0,True,True,2024-02,8500.0,-210.0,1.9429119692971897,8429.42857142857,8360.57142857143,True
2024-02-07,227.0,453.0,330.0,8160.0,222.0,True,True,2024-02,8613.0,-325.0,1.32941176470589,8470.0,8387.92857142857,True
2024-02-08,298.0,499.0,358.0,8188.0,315.0,True,True,2024-02,8687.0,-375.0,0.8591663764077495,8513.857142857143,8425.642857142857,True
2024-02-11,205.0,515.0,226.0,8056.0,347.0,True,True,2024-02,8571.0,-368.0,-1.3353286520087493,8505.42857142857,8448.285714285714,True
2024-02-12,213.0,430.0,440.0,8092.0,234.0,False,True,2024-02,8522.0,-461.0,-0.5716952514292384,8510.714285714286,8459.785714285714,True
2024-02-13,227.0,369.0,349.0,8348.0,160.0,True,True,2024-02,8717.0,-282.0,2.2881952593287957,8564.0,8481.857142857143,True
2024-02-14,185.0,322.0,272.0,8512.0,230.0,True,True,2024-02,8834.0,-317.0,1.3422048870024073,8634.857142857143,8515.07142857143,True
2024-02-15,333.0,508.0,272.0,8463.0,312.0,True,True,2024-02,8971.0,-251.0,1.5508263527280963,8702.142857142857,8565.785714285714,True
2024-02-19,249.0,420.0,371.0,8380.0,218.0,True,True,2024-02,8800.0,-340.0,-1.9061420131535,8728.857142857143,8599.42857142857,True
2024-02-20,149.0,395.0,273.0,8488.0,192.0,True,True,2024-02,8883.0,-316.0,0.9431818181818263,8756.857142857143,8635.357142857143,True
2024-02-21,232.0,430.0,318.0,8573.0,231.0,True,True,2024-02,9003.0,-317.0,1.3508949679162496,8818.57142857143,8662.0,True
2024-02-22,165.0,400.0,292.0,8607.0,293.0,True,True,2024-02,9007.0,-420.0,0.04442963456625648,8887.857142857143,8699.285714285714,True
2024-02-25,244.0,482.0,366.0,8404.0,329.0,True,True,2024-02,8886.0,-451.0,-1.3433995781059194,8912.0,8738.0,True
2024-02-26,199.0,438.0,326.0,8404.0,329.0,True,True,2024-02,8842.0,-456.0,-0.4951609273013746,8913.142857142857,8774.0,True
2024-02-27,197.0,369.0,306.0,8650.0,206.0,True,True,2024-02,9019.0,-315.0,2.0018095453517404,8920.0,8811.07142857143,True
2024-02-28,209.0,447.0,274.0,8699.0,257.0,True,True,2024-02,9146.0,-322.0,1.4081383745426335,8969.42857142857,8849.142857142857,True
2024-02-29,262.0,444.0,354.0,8724.0,299.0,True,True,2024-02,9168.0,-391.0,0.2405423135797058,9010.142857142857,8883.5,True
2024-03-03,236.0,468.0,347.0,8594.0,354.0,True,True,2024-03,9062.0,-465.0,-1.1561954624781823,9018.57142857143,8918.57142857143,True
2024-03-04,225.0,509.0,340.0,8660.0,229.0,True,True,2024-03,9169.0,-344.0,1.1807548002648494,9041.714285714286,8964.785714285714,True
2024-03-05,246.0,472.0,345.0,8800.0,214.0,True,True,2024-03,9272.0,-313.0,1.12335041989311,9096.857142857143,9004.42857142857,True
2024-03-06,230.0,457.0,277.0,8870.0,232.0,True,True,2024-03,9327.0,-279.0,0.5931837791199213,9166.142857142857,9039.642857142857,True
2024-03-07,181.0,424.0,328.0,8902.0,305.0,True,True,2024-03,9326.0,-452.0,-0.010721561059290341,9210.0,9065.0,True
2024-03-10,190.0,368.0,326.0,8714.0,373.0,True,True,2024-03,9082.0,-509.0,-2.6163414111087246,9200.857142857143,9085.142857142857,True
2024-03-11,178.0,336.0,290.0,8757.0,253.0,True,True,2024-03,9093.0,-365.0,0.12111869632238648,9190.142857142857,9100.142857142857,True
2024-03-12,154.0,294.0,290.0,8843.0,213.0,True,True,2024-03,9137.0,-349.0,0.4838887055977015,9200.857142857143,9109.714285714286,True
2024-03-13,165.0,358.0,167.0,8819.0,239.0,True,True,2024-03,9177.0,-241.0,0.43778045310276514,9202.0,9121.857142857143,True
2024-03-14,166.0,301.0,252.0,8695.0,310.0,True,True,2024-03,8996.0,-396.0,-1.9723221096218824,9162.57142857143,9129.714285714286,True
2024-03-17,127.0,260.0,259.0,8373.0,342.0,True,True,2024-03,8633.0,-474.0,-4.035126722987991,9063.42857142857,9114.785714285714,True
2024-03-18,123.0,243.0,188.0,8333.0,283.0,True,True,2024-03,8576.0,-348.0,-0.6602571527858259,8956.285714285714,9083.142857142857,True
2024-03-19,99.0,202.0,256.0,8390.0,197.0,False,True,2024-03,8592.0,-354.0,0.1865671641791078,8886.285714285714,9043.57142857143,True
2024-03-20,91.0,181.0,174.0,8365.0,227.0,True,True,2024-03,8546.0,-310.0,-0.5353817504655467,8808.142857142857,8999.142857142857,True
2024-03-21,132.0,261.0,141.0,8292.0,235.0,True,True,2024-03,8553.0,-244.0,0.08190966534051825,8724.714285714286,8962.785714285714,True
2024-03-24,124.0,264.0,221.0,7899.0,373.0,True,True,2024-03,8163.0,-470.0,-4.559803577692034,8579.857142857143,8890.92857142857,True
2024-03-25,128.0,242.0,224.0,7899.0,229.0,True,True,2024-03,8141.0,-325.0,-0.26950875903466454,8457.714285714286,8810.142857142857,True
2024-03-26,187.0,276.0,200.0,7919.0,208.0,True,True,2024-03,8195.0,-221.0,0.6633091757769272,8395.142857142857,8729.285714285714,True
2024-03-27,129.0,287.0,185.0,7893.0,215.0,True,True,2024-03,8180.0,-271.0,-0.18303843807199183,8338.57142857143,8647.42857142857,True
2024-03-28,161.0,288.0,248.0,7762.0,360.0,True,True,2024-03,8050.0,-447.0,-1.58924205378973,8261.142857142857,8573.714285714286,True
2024-03-31,105.0,254.0,151.0,7257.0,287.0,True,True,2024-03,7511.0,-333.0,-6.695652173913047,8113.285714285715,8460.714285714286,True
2024-04-01,109.0,235.0,171.0,7271.0,172.0,True,True,2024-04,7506.0,-234.0,-0.06656903208627218,7963.714285714285,8344.214285714286,True
2024-04-02,101.0,230.0,175.0,7340.0,132.0,True,True,2024-04,7570.0,-206.0,0.8526512123634422,7879.0,8229.42857142857,True
2024-04-03,124.0,230.0,190.0,7346.0,163.0,True,True,2024-04,7576.0,-229.0,0.07926023778070945,7798.285714285715,8128.0,True
2024-04-04,95.0,226.0,152.0,7317.0,225.0,True,True,2024-04,7543.0,-282.0,-0.4355860612460405,7705.142857142857,8050.142857142857,True
2024-04-07,106.0,239.0,233.0,6982.0,279.0,True,True,2024-04,7221.0,-406.0,-4.268858544345755,7568.142857142857,7953.357142857143,True
2024-04-08,102.0,230.0,167.0,6988.0,199.0,True,True,2024-04,7218.0,-264.0,-0.041545492314087884,7449.285714285715,7855.214285714285,True
2024-04-09,118.0,231.0,217.0,7043.0,130.0,True,True,2024-04,7274.0,-229.0,0.775838182321964,7415.428571428572,7764.357142857143,True
2024-04-10,117.0,244.0,142.0,6999.0,227.0,True,True,2024-04,7243.0,-252.0,-0.42617541930162206,7377.857142857143,7670.785714285715,True
2024-04-11,183.0,221.0,220.0,6912.0,285.0,True,True,2024-04,7133.0,-322.0,-1.518707717796497,7315.428571428572,7597.214285714285,True
2024-04-14,128.0,245.0,243.0,6630.0,290.0,True,True,2024-04,6875.0,-405.0,-3.6169914481985144,7215.285714285715,7506.785714285715,True
2024-04-15,144.0,303.0,176.0,6681.0,191.0,True,True,2024-04,6984.0,-223.0,1.5854545454545566,7135.428571428572,7420.285714285715,True
2024-04-16,219.0,392.0,205.0,6685.0,163.0,True,True,2024-04,7077.0,-149.0,1.3316151202749094,7114.857142857143,7341.5,True
2024-04-17,182.0,371.0,274.0,6725.0,227.0,True,True,2024-04,7096.0,-319.0,0.2684753426593245,7097.428571428572,7273.357142857143,True
2024-04-18,144.0,322.0,258.0,6728.0,260.0,True,True,2024-04,7050.0,-374.0,-0.6482525366403591,7065.428571428572,7240.428571428572,True
2024-04-21,208.0,380.0,343.0,6745.0,240.0,True,True,2024-04,7125.0,-375.0,1.0638297872340496,7048.571428571428,7213.214285714285,True
2024-04-22,176.0,424.0,251.0,6799.0,214.0,True,True,2024-04,7223.0,-289.0,1.3754385964912297,7061.428571428572,7188.428571428572,True
2024-04-23,252.0,427.0,307.0,6967.0,134.0,True,True,2024-04,7394.0,-189.0,2.367437352900459,7135.571428571428,7175.428571428572,True
2024-04-24,253.0,411.0,307.0,7128.0,154.0,True,True,2024-04,7539.0,-208.0,1.9610494995942584,7214.857142857143,7175.142857142857,True
2024-04-25,145.0,357.0,333.0,7209.0,217.0,True,True,2024-04,7566.0,-405.0,0.35813768404298063,7284.714285714285,7199.785714285715,True
2024-04-28,158.0,349.0,365.0,7298.0,250.0,False,True,2024-04,7647.0,-457.0,1.0705789056304482,7363.428571428572,7230.428571428572,True
2024-04-29,140.0,292.0,255.0,7373.0,187.0,True,True,2024-04,7665.0,-302.0,0.23538642604943316,7451.285714285715,7258.357142857143,True
2024-04-30,220.0,443.0,194.0,7431.0,135.0,True,True,2024-04,7874.0,-109.0,2.726679712981084,7558.285714285715,7303.428571428572,True
2024-05-01,197.0,437.0,295.0,7508.0,190.0,True,True,2024-05,7945.0,-288.0,0.9017018034036095,7661.428571428572,7361.428571428572,True
2024-05-02,206.0,411.0,293.0,7577.0,194.0,True,True,2024-05,7988.0,-281.0,0.5412208936437901,7746.285714285715,7440.928571428572,True
2024-05-05,150.0,315.0,228.0,7447.0,332.0,True,True,2024-05,7762.0,-410.0,-2.829243865798703,7778.142857142857,7496.5,True
2024-05-06,173.0,337.0,211.0,7449.0,205.0,True,True,2024-05,7786.0,-243.0,0.30919866013914277,7809.571428571428,7547.142857142857,True
2024-05-07,176.0,334.0,246.0,7566.0,163.0,True,True,2024-05,7900.0,-233.0,1.4641664526072518,7845.714285714285,7604.571428571428,True
2024-05-08,167.0,374.0,205.0,7583.0,202.0,True,True,2024-05,7957.0,-240.0,0.7215189873417627,7887.428571428572,7669.357142857143,True
2024-05-09,138.0,285.0,268.0,7570.0,244.0,True,True,2024-05,7855.0,-374.0,-1.2818901596078902,7884.714285714285,7721.5,True
2024-05-12,138.0,301.0,263.0,7464.0,245.0,True,True,2024-05,7765.0,-370.0,-1.145767027371103,7859.0,7760.214285714285,True
2024-05-13,112.0,331.0,167.0,7499.0,157.0,True,True,2024-05,7830.0,-212.0,0.8370895041854398,7836.428571428572,7791.357142857143,True
2024-05-14,246.0,419.0,218.0,7546.0,186.0,True,True,2024-05,7965.0,-158.0,1.724137931034475,7865.428571428572,7821.785714285715,True
2024-05-15,115.0,285.0,341.0,7589.0,265.0,False,True,2024-05,7874.0,-491.0,-1.1424984306340202,7878.0,7843.785714285715,True
2024-05-16,206.0,340.0,214.0,7565.0,234.0,True,True,2024-05,7905.0,-242.0,0.3937007874015741,7878.714285714285,7862.214285714285,True
2024-05-19,143.0,295.0,278.0,7356.0,298.0,True,True,2024-05,7651.0,-433.0,-3.2131562302340266,7835.0,7861.214285714285,True
2024-05-20,111.0,268.0,217.0,7368.0,192.0,True,True,2024-05,7636.0,-298.0,-0.19605280355509125,7803.714285714285,7844.214285714285,True
2024-05-21,196.0,348.0,176.0,7404.0,145.0,True,True,2024-05,7752.0,-125.0,1.5191199580932402,7801.857142857143,7830.428571428572,True
2024-05-22,168.0,349.0,272.0,7474.0,208.0,True,True,2024-05,7823.0,-312.0,0.9158926728586092,7800.857142857143,7818.642857142857,True
2024-05-23,193.0,272.0,314.0,7494.0,227.0,False,True,2024-05,7766.0,-348.0,-0.7286207337338646,7772.428571428572,7818.928571428572,True
2024-05-27,156.0,344.0,252.0,7365.0,167.0,True,True,2024-05,7709.0,-263.0,-0.7339685809940821,7748.857142857143,7813.428571428572,True
2024-05-28,153.0,348.0,239.0,7418.0,151.0,True,True,2024-05,7766.0,-237.0,0.7393955117395157,7729.0,7803.857142857143,True
2024-05-29,182.0,462.0,158.0,7491.0,141.0,True,True,2024-05,7953.0,-117.0,2.4079320113314484,7772.142857142857,7803.571428571428,True
2024-05-30,167.0,406.0,339.0,7563.0,190.0,True,True,2024-05,7969.0,-362.0,0.20118194392053645,7819.714285714285,7811.714285714285,True
2024-06-02,159.0,330.0,322.0,7546.0,306.0,True,True,2024-06,7876.0,-469.0,-1.1670222110678918,7837.428571428572,7819.642857142857,True
2024-06-03,109.0,244.0,257.0,7596.0,224.0,False,True,2024-06,7840.0,-372.0,-0.45708481462671813,7839.857142857143,7820.357142857143,True
2024-06-04,260.0,356.0,176.0,7565.0,203.0,True,True,2024-06,7921.0,-119.0,1.033163265306114,7862.0,7817.214285714285,True
2024-06-05,173.0,345.0,291.0,7691.0,198.0,True,True,2024-06,8036.0,-316.0,1.4518368892816547,7908.714285714285,7828.785714285715,True
2024-06-06,179.0,326.0,282.0,7741.0,238.0,True,True,2024-06,8067.0,-341.0,0.3857640617222602,7951.714285714285,7840.357142857143,True
2024-06-09,116.0,289.0,166.0,7451.0,312.0,True,True,2024-06,7740.0,-362.0,-4.0535515061361105,7921.285714285715,7846.714285714285,True
2024-06-10,184.0,334.0,229.0,7439.0,212.0,True,True,2024-06,7773.0,-257.0,0.426356589147292,7893.285714285715,7856.5,True
2024-06-11,186.0,352.0,224.0,7493.0,156.0,True,True,2024-06,7845.0,-194.0,0.9262832883056626,7888.857142857143,7863.142857142857,True
2024-06-12,152.0,266.0,274.0,7548.0,212.0,False,True,2024-06,7814.0,-334.0,-0.39515615041427754,7885.142857142857,7862.5,True
2024-06-13,167.0,293.0,230.0,7544.0,259.0,True,True,2024-06,7837.0,-322.0,0.2943434860506855,7873.142857142857,7867.571428571428,True
2024-06-16,204.0,315.0,233.0,7307.0,294.0,True,True,2024-06,7622.0,-323.0,-2.7433967079239507,7814.0,7861.357142857143,True
2024-06-17,159.0,310.0,272.0,7318.0,224.0,True,True,2024-06,7628.0,-337.0,0.07871949619522312,7751.285714285715,7851.5,True
2024-06-18,160.0,297.0,253.0,7340.0,214.0,True,True,2024-06,7637.0,-307.0,0.11798636601991763,7736.571428571428,7828.928571428572,True
2024-06-19,204.0,321.0,246.0,7433.0,198.0,True,True,2024-06,7754.0,-240.0,1.5320151892104228,7733.857142857143,7813.571428571428,True
2024-06-20,145.0,247.0,243.0,7431.0,235.0,True,True,2024-06,7678.0,-333.0,-0.9801392829507316,7710.0,7799.428571428572,True
2024-06-23,102.0,227.0,201.0,7247.0,294.0,True,True,2024-06,7474.0,-393.0,-2.6569419119562343,7661.428571428572,7773.285714285715,True
2024-06-24,116.0,175.0,172.0,7239.0,202.0,True,True,2024-06,7414.0,-258.0,-0.8027829810008047,7601.0,7737.071428571428,True
2024-06-25,172.0,263.0,191.0,7239.0,202.0,True,True,2024-06,7502.0,-221.0,1.1869436201780381,7583.857142857143,7698.928571428572,True
2024-06-26,132.0,235.0,197.0,7268.0,187.0,True,True,2024-06,7503.0,-252.0,0.013329778725679198,7566.0,7658.642857142857,True
2024-06-27,174.0,208.0,256.0,7248.0,268.0,False,True,2024-06,7456.0,-350.0,-0.6264161002265789,7540.142857142857,7638.357142857143,True
2024-06-30,123.0,230.0,167.0,6874.0,273.0,True,True,2024-06,7104.0,-317.0,-4.72103004291845,7447.285714285715,7590.571428571428,True
2024-07-01,123.0,233.0,159.0,6825.0,229.0,True,True,2024-07,7058.0,-265.0,-0.6475225225225256,7358.714285714285,7534.357142857143,True
2024-07-02,141.0,232.0,188.0,6823.0,184.0,True,True,2024-07,7055.0,-231.0,-0.042504958911870894,7298.857142857143,7480.142857142857,True
2024-07-04,158.0,226.0,191.0,6790.0,225.0,True,True,2024-07,7016.0,-258.0,-0.5527994330262187,7242.0,7421.5,True
2024-07-07,96.0,160.0,233.0,6599.0,213.0,False,True,2024-07,6759.0,-350.0,-3.6630558722919093,7135.857142857143,7359.857142857143,True
2024-07-08,141.0,173.0,129.0,6617.0,123.0,True,True,2024-07,6790.0,-111.0,0.458647728953987,7034.0,7300.0,True
2024-07-09,116.0,181.0,182.0,6651.0,130.0,False,True,2024-07,6832.0,-196.0,0.6185567010309256,6944.857142857143,7242.5,True
2024-07-10,150.0,157.0,201.0,6649.0,177.0,False,True,2024-07,6806.0,-228.0,-0.38056206088993294,6902.285714285715,7174.785714285715,True
2024-07-11,80.0,176.0,125.0,6640.0,197.0,True,True,2024-07,6816.0,-242.0,0.1469291801351691,6867.714285714285,7113.214285714285,True
2024-07-14,116.0,188.0,164.0,6308.0,237.0,True,True,2024-07,6496.0,-285.0,-4.694835680751175,6787.857142857143,7043.357142857143,True
2024-07-15,105.0,185.0,158.0,6283.0,171.0,True,True,2024-07,6468.0,-224.0,-0.4310344827586188,6709.571428571428,6975.785714285715,True
2024-07-16,136.0,246.0,123.0,6239.0,173.0,True,True,2024-07,6485.0,-160.0,0.26283240568953925,6670.428571428572,6903.142857142857,True
2024-07-17,128.0,228.0,177.0,6228.0,187.0,True,True,2024-07,6456.0,-236.0,-0.44718581341557373,6622.714285714285,6828.357142857143,True
2024-07-21,90.0,196.0,205.0,6058.0,262.0,False,True,2024-07,6254.0,-377.0,-3.1288723667905805,6540.142857142857,6742.5,True
2024-07-22,102.0,189.0,155.0,6002.0,234.0,True,True,2024-07,6191.0,-287.0,-1.0073552926127327,6452.285714285715,6677.285714285715,False
2024-07-23,120.0,257.0,126.0,5965.0,170.0,True,True,2024-07,6222.0,-176.0,0.500726861573253,6367.428571428572,6617.571428571428,False
2024-07-24,137.0,272.0,166.0,5927.0,177.0,True,True,2024-07,6199.0,-206.0,-0.3696560591449738,6325.0,6556.428571428572,False
2024-07-25,93.0,198.0,208.0,5954.0,194.0,False,True,2024-07,6152.0,-309.0,-0.7581868043232798,6279.857142857143,6494.714285714285,False
2024-07-28,152.0,290.0,199.0,5743.0,207.0,True,True,2024-07,6033.0,-254.0,-1.934330299089726,6215.285714285715,6442.857142857143,False
2024-07-29,114.0,210.0,219.0,5819.0,163.0,False,True,2024-07,6029.0,-268.0,-0.06630200563566557,6154.285714285715,6388.5,False
2024-07-30,125.0,203.0,208.0,5930.0,92.0,False,True,2024-07,6133.0,-175.0,1.724995853375355,6137.0,6338.571428571428,False
2024-07-31,140.0,261.0,163.0,5963.0,154.0,True,True,2024-07,6224.0,-177.0,1.4837762921897868,6141.714285714285,6297.0,False
2024-08-01,227.0,298.0,212.0,6016.0,169.0,True,True,2024-08,6314.0,-154.0,1.4460154241645151,6154.857142857143,6261.142857142857,True
2024-08-04,63.0,167.0,143.0,5943.0,170.0,True,True,2024-08,6110.0,-250.0,-3.230915426037373,6142.142857142857,6233.571428571428,False
2024-08-05,172.0,259.0,138.0,5950.0,150.0,True,True,2024-08,6209.0,-116.0,1.6202945990180018,6150.285714285715,6215.071428571428,False
2024-08-06,163.0,283.0,200.0,5998.0,143.0,True,True,2024-08,6281.0,-180.0,1.1596070220647459,6185.714285714285,6200.5,True
2024-08-07,135.0,273.0,207.0,6038.0,174.0,True,True,2024-08,6311.0,-246.0,0.4776309504855858,6226.0,6190.142857142857,True
2024-08-08,119.0,230.0,213.0,6084.0,174.0,True,True,2024-08,6314.0,-268.0,0.04753604816987167,6251.857142857143,6194.428571428572,True
2024-08-11,95.0,211.0,140.0,5894.0,249.0,True,True,2024-08,6105.0,-294.0,-3.3101045296167197,6234.857142857143,6188.285714285715,False
2024-08-12,109.0,219.0,155.0,5903.0,148.0,True,True,2024-08,6122.0,-194.0,0.27846027846027965,6207.428571428572,6181.142857142857,False
2024-08-13,162.0,239.0,189.0,5981.0,123.0,True,True,2024-08,6220.0,-150.0,1.6007840574975507,6223.142857142857,6182.642857142857,False
2024-08-14,109.0,226.0,191.0,5987.0,178.0,True,True,2024-08,6213.0,-260.0,-0.11254019292604722,6223.714285714285,6187.0,False
2024-08-15,124.0,241.0,156.0,5895.0,220.0,True,True,2024-08,6136.0,-252.0,-1.2393368742958266,6203.0,6194.357142857143,False
2024-08-18,86.0,244.0,235.0,5821.0,178.0,True,True,2024-08,6065.0,-327.0,-1.1571056062581464,6167.857142857143,6196.928571428572,False
2024-08-19,176.0,254.0,162.0,5865.0,158.0,True,True,2024-08,6119.0,-144.0,0.8903544929925733,6140.0,6195.928571428572,False
2024-08-20,136.0,274.0,245.0,5995.0,112.0,True,True,2024-08,6269.0,-221.0,2.45138094459878,6163.428571428572,6199.142857142857,True
2024-08-21,134.0,245.0,167.0,6028.0,156.0,True,True,2024-08,6273.0,-189.0,0.06380602966979954,6185.0,6196.214285714285,True
2024-08-22,182.0,307.0,205.0,6054.0,171.0,True,True,2024-08,6361.0,-194.0,1.4028375577873398,6205.142857142857,6214.142857142857,True
2024-08-27,149.0,285.0,222.0,6152.0,97.0,True,True,2024-08,6437.0,-170.0,1.1947806948592987,6237.142857142857,6230.428571428572,True
2024-08-28,170.0,285.0,178.0,6227.0,134.0,True,True,2024-08,6512.0,-142.0,1.1651390399254336,6290.857142857143,6246.928571428572,True
2024-08-29,145.0,295.0,188.0,6250.0,169.0,True,True,2024-08,6545.0,-212.0,0.5067567567567544,6359.428571428572,6263.642857142857,True
2024-09-02,133.0,270.0,198.0,6192.0,129.0,True,True,2024-09,6462.0,-194.0,-1.268143621084794,6408.428571428572,6274.214285714285,True
2024-09-03,131.0,263.0,177.0,6272.0,112.0,True,True,2024-09,6535.0,-158.0,1.1296812132466805,6446.428571428572,6304.928571428572,True
2024-09-04,121.0,231.0,219.0,6375.0,114.0,True,True,2024-09,6606.0,-212.0,1.0864575363427775,6494.0,6339.5,True
2024-09-05,126.0,230.0,175.0,6448.0,121.0,True,True,2024-09,6678.0,-170.0,1.089918256130784,6539.285714285715,6372.214285714285,True
2024-09-08,123.0,255.0,164.0,6312.0,221.0,True,True,2024-09,6567.0,-262.0,-1.6621743036837389,6557.857142857143,6397.5,True
2024-09-09,144.0,275.0,190.0,6353.0,141.0,True,True,2024-09,6628.0,-187.0,0.928886858535094,6574.428571428572,6432.642857142857,True
2024-09-10,131.0,251.0,180.0,6396.0,148.0,True,True,2024-09,6647.0,-197.0,0.28666264333132574,6589.0,6474.214285714285,True
2024-09-11,93.0,248.0,175.0,6410.0,162.0,True,True,2024-09,6658.0,-244.0,0.16548819016097838,6617.0,6512.714285714285,True
2024-09-12,184.0,280.0,210.0,6360.0,220.0,True,True,2024-09,6640.0,-246.0,-0.270351456893958,6632.0,6539.214285714285,True
2024-09-13,81.0,200.0,212.0,6326.0,279.0,False,True,2024-09,6526.0,-410.0,-1.7168674698795128,6620.571428571428,6557.285714285715,True
2024-09-15,98.0,220.0,167.0,6234.0,210.0,True,True,2024-09,6454.0,-279.0,-1.1032791909285966,6588.571428571428,6563.928571428572,True
2024-09-16,113.0,209.0,160.0,6229.0,164.0,True,True,2024-09,6438.0,-211.0,-0.24790827393864623,6570.142857142857,6564.0,True
2024-09-17,159.0,304.0,139.0,6227.0,160.0,True,True,2024-09,6531.0,-140.0,1.4445479962721386,6556.285714285715,6565.357142857143,True
2024-09-18,116.0,213.0,217.0,6245.0,149.0,False,True,2024-09,6458.0,-250.0,-1.1177461338233052,6529.285714285715,6559.142857142857,True
2024-09-19,93.0,196.0,169.0,6270.0,188.0,True,True,2024-09,6466.0,-264.0,0.12387736141219463,6501.857142857143,6559.428571428572,True
2024-09-22,124.0,234.0,161.0,5989.0,197.0,True,True,2024-09,6223.0,-234.0,-3.7581193937519353,6442.285714285715,6537.142857142857,False
2024-09-23,92.0,203.0,173.0,6002.0,165.0,True,True,2024-09,6205.0,-246.0,-0.28924955809095376,6396.428571428572,6508.5,False
2024-09-24,186.0,259.0,172.0,6023.0,143.0,True,True,2024-09,6282.0,-129.0,1.2409347300563978,6371.857142857143,6480.214285714285,True
2024-09-25,154.0,225.0,220.0,6050.0,169.0,True,True,2024-09,6275.0,-235.0,-0.11142948105699046,6348.571428571428,6459.357142857143,True
2024-09-26,91.0,199.0,172.0,6090.0,185.0,True,True,2024-09,6289.0,-266.0,0.223107569721126,6314.0,6435.142857142857,True
2024-09-29,81.0,213.0,153.0,5925.0,177.0,True,True,2024-09,6138.0,-249.0,-2.401017649864845,6268.285714285715,6398.785714285715,False
2024-09-30,209.0,285.0,184.0,5967.0,138.0,True,True,2024-09,6252.0,-113.0,1.8572825024437911,6237.714285714285,6369.785714285715,True
2024-10-01,184.0,314.0,217.0,6040.0,137.0,True,True,2024-10,6354.0,-170.0,1.6314779270633295,6256.428571428572,6349.357142857143,True
2024-10-02,107.0,215.0,230.0,6091.0,173.0,False,True,2024-10,6306.0,-296.0,-0.7554296506137814,6270.857142857143,6333.642857142857,True
2024-10-03,101.0,162.0,178.0,6118.0,193.0,False,True,2024-10,6280.0,-270.0,-0.4123057405645447,6270.571428571428,6321.214285714285,True
2024-10-07,99.0,190.0,176.0,5968.0,153.0,True,True,2024-10,6158.0,-230.0,-1.942675159235674,6253.857142857143,6301.214285714285,False
2024-10-08,167.0,239.0,166.0,6013.0,123.0,True,True,2024-10,6252.0,-122.0,1.5264696329977179,6248.571428571428,6281.285714285715,True
2024-10-09,115.0,216.0,169.0,6047.0,137.0,True,True,2024-10,6263.0,-191.0,0.175943698016634,6266.428571428572,6267.357142857143,True
2024-10-10,84.0,158.0,193.0,6075.0,159.0,False,True,2024-10,6233.0,-268.0,-0.4790036723614888,6263.714285714285,6250.714285714285,True
2024-10-13,130.0,227.0,192.0,5889.0,210.0,True,True,2024-10,6116.0,-272.0,-1.8771057275790204,6229.714285714285,6243.071428571428,False
2024-10-14,88.0,214.0,160.0,5935.0,106.0,True,True,2024-10,6149.0,-178.0,0.5395683453237377,6207.285714285715,6239.071428571428,False
2024-10-15,113.0,208.0,159.0,6013.0,107.0,True,True,2024-10,6221.0,-153.0,1.170922101154659,6198.857142857143,6234.714285714285,False
2024-10-16,174.0,285.0,150.0,6036.0,129.0,True,True,2024-10,6321.0,-105.0,1.6074586079408482,6222.142857142857,6238.0,True
2024-10-17,104.0,230.0,206.0,6076.0,160.0,True,True,2024-10,6306.0,-262.0,-0.23730422401518902,6229.857142857143,6239.214285714285,True
2024-10-20,147.0,276.0,214.0,5918.0,195.0,True,True,2024-10,6194.0,-262.0,-1.776086267047261,6220.0,6243.214285714285,False
2024-10-21,108.0,220.0,213.0,5966.0,154.0,True,True,2024-10,6186.0,-259.0,-0.12915724895059544,6213.285714285715,6238.5,False
2024-10-22,180.0,280.0,146.0,6043.0,109.0,True,True,2024-10,6323.0,-75.0,2.2146783058519137,6242.857142857143,6236.285714285715,True
2024-10-23,134.0,294.0,186.0,6077.0,138.0,True,True,2024-10,6371.0,-190.0,0.7591333227898067,6274.571428571428,6240.928571428572,True
2024-10-27,202.0,313.0,158.0,5974.0,192.0,True,True,2024-10,6287.0,-148.0,-1.318474336838804,6284.0,6241.428571428572,True
2024-10-28,110.0,272.0,193.0,6008.0,156.0,True,True,2024-10,6280.0,-239.0,-0.11134086209638738,6278.142857142857,6250.142857142857,True
2024-10-29,166.0,277.0,229.0,6106.0,126.0,True,True,2024-10,6383.0,-189.0,1.6401273885350287,6289.142857142857,6259.5,True
2024-10-30,136.0,276.0,178.0,6149.0,160.0,True,True,2024-10,6425.0,-202.0,0.6579978066739711,6322.142857142857,6271.071428571428,True
2024-10-31,87.0,246.0,173.0,6148.0,177.0,True,True,2024-10,6394.0,-263.0,-0.4824902723735369,6351.857142857143,6282.571428571428,True
2024-11-03,84.0,171.0,157.0,5990.0,184.0,True,True,2024-11,6161.0,-257.0,-3.6440412887081663,6328.714285714285,6285.785714285715,False
2024-11-04,167.0,209.0,157.0,6007.0,132.0,True,True,2024-11,6216.0,-122.0,0.8927122220418804,6306.571428571428,6290.571428571428,False
2024-11-05,109.0,245.0,159.0,6045.0,126.0,True,True,2024-11,6290.0,-176.0,1.1904761904761862,6307.0,6295.5,True
2024-11-06,156.0,256.0,176.0,6086.0,137.0,True,True,2024-11,6342.0,-157.0,0.8267090620031725,6315.857142857143,6297.0,True
2024-11-07,125.0,232.0,192.0,6084.0,177.0,True,True,2024-11,6316.0,-244.0,-0.40996531062755803,6306.285714285715,6297.714285714285,True
2024-11-11,118.0,139.0,168.0,5963.0,145.0,False,True,2024-11,6102.0,-195.0,-3.3882203926535737,6260.142857142857,6291.142857142857,False
2024-11-12,142.0,235.0,139.0,5975.0,138.0,True,True,2024-11,6210.0,-135.0,1.7699115044247815,6233.857142857143,6292.857142857143,False
2024-11-13,148.0,245.0,175.0,5966.0,151.0,True,True,2024-11,6211.0,-178.0,0.016103059581329404,6241.0,6284.857142857143,False
2024-11-14,119.0,219.0,210.0,6025.0,172.0,True,True,2024-11,6244.0,-263.0,0.5313154081468374,6245.0,6275.785714285715,True
2024-11-17,105.0,210.0,149.0,5816.0,195.0,True,True,2024-11,6026.0,-239.0,-3.49135169762973,6207.285714285715,6257.142857142857,False
2024-11-18,143.0,203.0,163.0,5819.0,138.0,True,True,2024-11,6022.0,-158.0,-0.06637902422834685,6161.571428571428,6238.714285714285,False
2024-11-19,119.0,209.0,152.0,5844.0,146.0,True,True,2024-11,6053.0,-179.0,0.5147791431418192,6124.0,6215.142857142857,False
2024-11-20,155.0,212.0,181.0,5879.0,148.0,True,True,2024-11,6091.0,-174.0,0.6277878737815934,6122.428571428572,6191.285714285715,False
2024-11-21,109.0,214.0,173.0,5850.0,210.0,True,True,2024-11,6064.0,-274.0,-0.44327696601543787,6101.571428571428,6167.714285714285,False
2024-11-24,191.0,283.0,192.0,5664.0,207.0,True,True,2024-11,5947.0,-208.0,-1.9294195250659674,6063.857142857143,6152.428571428572,False
2024-11-25,170.0,297.0,196.0,5715.0,129.0,True,True,2024-11,6012.0,-155.0,1.0929880612073228,6030.714285714285,6137.857142857143,False
2024-11-26,152.0,272.0,214.0,5826.0,112.0,True,True,2024-11,6098.0,-174.0,1.4304723885562254,6041.0,6124.142857142857,False
2024-11-27,239.0,367.0,224.0,5862.0,211.0,True,True,2024-11,6229.0,-196.0,2.1482453263365064,6070.571428571428,6116.071428571428,False
2024-11-28,113.0,280.0,237.0,5963.0,143.0,True,True,2024-11,6243.0,-267.0,0.224755177396041,6097.714285714285,6110.857142857143,True
2024-12-01,196.0,306.0,187.0,5986.0,149.0,True,True,2024-12,6292.0,-140.0,0.7848790645522907,6126.428571428572,6124.428571428572,True
2024-12-02,236.0,330.0,222.0,6061.0,115.0,True,True,2024-12,6391.0,-101.0,1.573426573426584,6173.142857142857,6137.357142857143,True
2024-12-03,81.0,230.0,242.0,6192.0,107.0,False,True,2024-12,6422.0,-268.0,0.48505711156312525,6241.0,6152.428571428572,True
2024-12-04,118.0,245.0,160.0,6269.0,115.0,True,True,2024-12,6514.0,-157.0,1.4325755216443525,6312.714285714285,6171.714285714285,True
2024-12-05,218.0,283.0,208.0,6310.0,150.0,True,True,2024-12,6593.0,-140.0,1.2127724900214965,6383.428571428572,6212.214285714285,True
2024-12-08,132.0,243.0,183.0,6286.0,172.0,True,True,2024-12,6529.0,-223.0,-0.9707265281359012,6426.285714285715,6248.428571428572,True
2024-12-09,224.0,315.0,152.0,6268.0,174.0,True,True,2024-12,6583.0,-102.0,0.8270791851738402,6474.857142857143,6286.285714285715,True
2024-12-10,167.0,326.0,213.0,6310.0,149.0,True,True,2024-12,6636.0,-195.0,0.8051040559015732,6524.0,6325.214285714285,True
2024-12-11,209.0,353.0,232.0,6402.0,152.0,True,True,2024-12,6755.0,-175.0,1.793248945147674,6576.0,6374.571428571428,True
2024-12-12,153.0,253.0,286.0,6481.0,194.0,False,True,2024-12,6734.0,-327.0,-0.31088082901554737,6620.571428571428,6430.785714285715,True
2024-12-15,180.0,337.0,219.0,6408.0,224.0,True,True,2024-12,6745.0,-263.0,0.16335016335016217,6653.571428571428,6483.142857142857,True
2024-12-16,133.0,287.0,189.0,6454.0,149.0,True,True,2024-12,6741.0,-205.0,-0.05930318754633346,6674.714285714285,6529.071428571428,True
2024-12-17,187.0,310.0,247.0,6506.0,151.0,True,True,2024-12,6816.0,-211.0,1.1125945705384943,6715.714285714285,6571.0,True
2024-12-18,168.0,285.0,210.0,6598.0,134.0,True,True,2024-12,6883.0,-176.0,0.9829812206572752,6758.571428571428,6616.714285714285,True
2024-12-19,269.0,412.0,204.0,6600.0,238.0,True,True,2024-12,7012.0,-173.0,1.8741827691413526,6812.285714285715,6668.142857142857,True
2024-12-22,100.0,255.0,236.0,6595.0,268.0,True,True,2024-12,6850.0,-404.0,-2.310325156873927,6825.857142857143,6700.928571428572,True
2024-12-23,205.0,294.0,177.0,6548.0,231.0,True,True,2024-12,6842.0,-203.0,-0.11678832116788218,6841.285714285715,6730.928571428572,True
2024-12-24,161.0,304.0,211.0,6622.0,155.0,True,True,2024-12,6926.0,-205.0,1.2277111955568465,6867.142857142857,6760.357142857143,True
2024-12-25,57.0,162.0,193.0,6689.0,107.0,False,True,2024-12,6851.0,-243.0,-1.082876118971987,6882.857142857143,6778.785714285715,True
2024-12-26,80.0,122.0,152.0,6707.0,135.0,False,True,2024-12,6829.0,-207.0,-0.3211210042329604,6884.714285714285,6800.214285714285,True
2024-12-29,107.0,170.0,133.0,6465.0,216.0,True,True,2024-12,6635.0,-242.0,-2.8408258895885163,6849.285714285715,6803.928571428572,True
2024-12-30,99.0,156.0,139.0,6454.0,177.0,True,True,2024-12,6610.0,-217.0,-0.37678975131876236,6791.857142857143,6802.071428571428,True
2025-01-01,25.0,66.0,94.0,6405.0,144.0,False,True,2025-01,6471.0,-213.0,-2.1028744326777593,6737.714285714285,6781.785714285715,True
2025-01-02,35.0,70.0,53.0,6292.0,170.0,True,True,2025-01,6362.0,-188.0,-1.6844382630196275,6669.142857142857,6755.214285714285,True
2025-01-05,43.0,73.0,64.0,5882.0,185.0,True,True,2025-01,5955.0,-206.0,-6.397359320968254,6530.428571428572,6698.785714285715,False
2025-01-06,41.0,60.0,71.0,5769.0,190.0,False,True,2025-01,5829.0,-220.0,-2.1158690176322437,6384.428571428572,6633.642857142857,False
2025-01-07,65.0,83.0,65.0,5703.0,133.0,True,True,2025-01,5786.0,-133.0,-0.7376908560645101,6235.428571428572,6560.071428571428,False
2025-01-08,38.0,80.0,82.0,5605.0,184.0,False,True,2025-01,5685.0,-228.0,-1.7455928102315887,6099.714285714285,6474.5,False
2025-01-09,56.0,82.0,68.0,5507.0,164.0,True,True,2025-01,5589.0,-176.0,-1.6886543535620024,5953.857142857143,6372.857142857143,False
2025-01-12,74.0,103.0,80.0,5092.0,235.0,True,True,2025-01,5195.0,-241.0,-7.049561638933621,5771.571428571428,6254.642857142857,False
2025-01-13,68.0,107.0,102.0,5019.0,181.0,True,True,2025-01,5126.0,-215.0,-1.3282001924927789,5595.0,6132.071428571428,False
2025-01-14,92.0,124.0,93.0,4957.0,139.0,True,True,2025-01,5081.0,-140.0,-0.877877487319545,5470.142857142857,6000.285714285715,False
2025-01-15,113.0,162.0,107.0,4903.0,164.0,True,True,2025-01,5065.0,-158.0,-0.3148986419996058,5361.0,5872.714285714285,False
2025-01-16,106.0,196.0,131.0,4881.0,159.0,True,True,2025-01,5077.0,-184.0,0.23692003948667661,5259.714285714285,5747.571428571428,False
2025-01-19,86.0,152.0,168.0,4628.0,176.0,False,True,2025-01,4780.0,-258.0,-5.849911364979321,5130.428571428572,5615.071428571428,False
2025-01-20,84.0,118.0,136.0,4638.0,127.0,False,True,2025-01,4756.0,-179.0,-0.5020920502092019,5011.428571428572,5482.642857142857,False
2025-01-21,59.0,64.0,117.0,4728.0,54.0,False,True,2025-01,4792.0,-112.0,0.7569386038688064,4953.857142857143,5362.714285714285,False
2025-01-22,62.0,97.0,52.0,4717.0,83.0,True,True,2025-01,4814.0,-73.0,0.45909849749583564,4909.285714285715,5252.142857142857,False
2025-01-23,91.0,75.0,97.0,4621.0,174.0,False,True,2025-01,4696.0,-180.0,-2.451184046530952,4854.285714285715,5162.214285714285,False
2025-01-26,29.0,51.0,11.0,4241.0,182.0,True,True,2025-01,4292.0,-164.0,-8.603066439523,4743.857142857143,5052.428571428572,False
2025-01-27,33.0,53.0,34.0,4161.0,127.0,True,True,2025-01,4214.0,-128.0,-1.817334575955265,4620.571428571428,4940.142857142857,False
2025-01-28,32.0,49.0,39.0,4096.0,101.0,True,True,2025-01,4145.0,-108.0,-1.6373991457047987,4529.857142857143,4830.142857142857,False
2025-01-29,32.0,50.0,39.0,4036.0,99.0,True,True,2025-01,4086.0,-106.0,-1.423401688781667,4434.142857142857,4722.785714285715,False
2025-01-30,47.0,42.0,47.0,3923.0,159.0,False,True,2025-01,3965.0,-159.0,-2.961331375428289,4316.0,4634.928571428572,False
2025-02-02,20.0,22.0,41.0,3483.0,168.0,False,True,2025-02,3505.0,-189.0,-11.601513240857509,4129.0,4519.142857142857,False
2025-02-03,23.0,45.0,11.0,3403.0,102.0,True,True,2025-02,3448.0,-90.0,-1.6262482168330927,3950.714285714286,4402.5,False
2025-02-04,34.0,54.0,29.0,3359.0,74.0,True,True,2025-02,3413.0,-69.0,-1.0150812064965153,3825.1428571428573,4284.5,False
2025-02-05,26.0,36.0,36.0,3290.0,104.0,True,True,2025-02,3326.0,-114.0,-2.5490770583064704,3698.285714285714,4159.428571428572,False
2025-02-06,25.0,32.0,27.0,3181.0,145.0,True,True,2025-02,3213.0,-147.0,-3.397474443776305,3565.1428571428573,4047.5,False
2025-02-09,15.0,13.0,23.0,2878.0,99.0,False,True,2025-02,2891.0,-107.0,-10.02178649237473,3394.4285714285716,3914.285714285714,False
2025-02-10,16.0,18.0,15.0,2834.0,63.0,True,True,2025-02,2852.0,-62.0,-1.3490141819439638,3235.4285714285716,3775.714285714286,False
2025-02-11,11.0,22.0,12.0,2799.0,50.0,True,True,2025-02,2821.0,-51.0,-1.0869565217391353,3137.714285714286,3633.3571428571427,False
2025-02-12,16.0,20.0,20.0,2752.0,66.0,True,True,2025-02,2772.0,-70.0,-1.7369727047146455,3041.1428571428573,3495.9285714285716,False
2025-02-13,15.0,10.0,23.0,2703.0,72.0,False,True,2025-02,2713.0,-80.0,-2.128427128427124,2941.1428571428573,3383.1428571428573,False
2025-02-17,8.0,17.0,14.0,2532.0,15.0,True,True,2025-02,2549.0,-21.0,-6.044968669369699,2830.1428571428573,3264.214285714286,False
2025-02-18,18.0,19.0,11.0,2536.0,9.0,True,True,2025-02,2555.0,-2.0,0.23538642604943316,2736.1428571428573,3150.6428571428573,False
2025-02-19,12.0,17.0,17.0,2528.0,19.0,True,True,2025-02,2545.0,-24.0,-0.3913894324853229,2686.714285714286,3040.5714285714284,False
2025-02-20,13.0,25.0,15.0,2520.0,32.0,True,True,2025-02,2545.0,-34.0,0.0,2642.8571428571427,2939.1428571428573,False
2025-02-23,7.0,16.0,8.0,2423.0,35.0,True,True,2025-02,2439.0,-36.0,-4.165029469548132,2588.285714285714,2863.0,False
2025-02-24,20.0,22.0,14.0,2413.0,24.0,True,True,2025-02,2435.0,-18.0,-0.16400164001639794,2540.1428571428573,2790.6428571428573,False
2025-02-25,11.0,7.0,7.0,2413.0,23.0,True,True,2025-02,2420.0,-19.0,-0.6160164271047264,2498.285714285714,2719.714285714286,False
2025-02-26,12.0,21.0,1.0,2411.0,23.0,True,True,2025-02,2432.0,-12.0,0.49586776859504855,2481.5714285714284,2655.8571428571427,False
2025-02-27,10.0,15.0,17.0,2391.0,37.0,False,True,2025-02,2406.0,-44.0,-1.0690789473684181,2460.285714285714,2598.214285714286,False
2025-03-02,12.0,24.0,4.0,2297.0,31.0,True,True,2025-03,2321.0,-23.0,-3.5328345802161265,2428.285714285714,2557.5,False
2025-03-03,8.0,29.0,18.0,2287.0,25.0,True,True,2025-03,2316.0,-35.0,-0.21542438604049696,2395.5714285714284,2519.214285714286,False
2025-03-04,4.0,25.0,10.0,2272.0,30.0,True,True,2025-03,2297.0,-36.0,-0.8203799654576849,2375.285714285714,2481.785714285714,False
2025-03-05,5.0,20.0,4.0,2238.0,40.0,True,True,2025-03,2258.0,-39.0,-1.6978667827601268,2350.0,2445.0714285714284,False
2025-03-06,7.0,27.0,6.0,2218.0,33.0,True,True,2025-03,2245.0,-32.0,-0.5757307351638596,2325.0,2411.6428571428573,False
2025-03-09,12.0,25.0,15.0,2137.0,30.0,True,True,2025-03,2162.0,-33.0,-3.697104677060137,2286.4285714285716,2384.0,False
2025-03-10,6.0,28.0,8.0,2125.0,23.0,True,True,2025-03,2153.0,-25.0,-0.4162812210915856,2250.285714285714,2355.285714285714,False
2025-03-11,3.0,11.0,7.0,2116.0,20.0,True,True,2025-03,2127.0,-24.0,-1.207617278216444,2222.5714285714284,2325.4285714285716,False
2025-03-12,6.0,18.0,2.0,2113.0,8.0,True,True,2025-03,2131.0,-4.0,0.18805829807240215,2196.1428571428573,2295.8571428571427,False
2025-03-13,4.0,20.0,9.0,2116.0,6.0,True,True,2025-03,2136.0,-11.0,0.2346316283434957,2173.1428571428573,2274.214285714286,False
2025-03-16,1.0,9.0,8.0,2117.0,5.0,True,True,2025-03,2126.0,-12.0,-0.46816479400748623,2154.285714285714,2252.1428571428573,False
2025-03-17,5.0,14.0,0.0,2111.0,8.0,True,True,2025-03,2125.0,-3.0,-0.04703668861711918,2137.1428571428573,2231.0714285714284,False
2025-03-18,19.0,34.0,6.0,2109.0,8.0,True,True,2025-03,2143.0,5.0,0.8470588235294008,2134.4285714285716,2210.4285714285716,False
2025-03-19,6.0,22.0,14.0,2119.0,9.0,True,True,2025-03,2141.0,-17.0,-0.09332711152589823,2132.714285714286,2191.5,False
2025-03-20,9.0,20.0,11.0,2124.0,7.0,True,True,2025-03,2144.0,-9.0,0.14012143858010973,2135.1428571428573,2178.8571428571427,False
2025-03-23,15.0,29.0,9.0,2136.0,2.0,True,True,2025-03,2165.0,4.0,0.9794776119403048,2140.0,2168.0714285714284,False
2025-03-24,7.0,13.0,11.0,2139.0,7.0,True,True,2025-03,2152.0,-11.0,-0.6004618937644368,2142.285714285714,2157.714285714286,False
2025-03-25,12.0,19.0,7.0,2145.0,6.0,True,True,2025-03,2164.0,-1.0,0.5576208178438735,2147.714285714286,2151.0,False
2025-03-26,9.0,21.0,15.0,2159.0,2.0,True,True,2025-03,2180.0,-8.0,0.7393715341959428,2155.5714285714284,2146.3571428571427,False
2025-03-27,1.0,19.0,13.0,2159.0,2.0,True,True,2025-03,2178.0,-14.0,-0.09174311926605228,2160.5714285714284,2147.5,False
2025-03-30,9.0,20.0,5.0,2188.0,2.0,True,True,2025-03,2208.0,2.0,1.377410468319562,2170.1428571428573,2151.4285714285716,False
2025-03-31,9.0,25.0,8.0,2193.0,5.0,True,True,2025-03,2218.0,-4.0,0.45289855072463414,2180.714285714286,2157.9285714285716,False
2025-04-01,17.0,36.0,7.0,2191.0,12.0,True,True,2025-04,2227.0,-2.0,0.4057709648331853,2189.5714285714284,2164.785714285714,False
2025-04-02,5.0,31.0,16.0,2208.0,3.0,True,True,2025-04,2239.0,-14.0,0.5388414907947947,2202.0,2172.1428571428573,False
2025-04-03,12.0,26.0,18.0,2223.0,8.0,True,True,2025-04,2249.0,-14.0,0.44662795891021734,2214.1428571428573,2180.9285714285716,False
2025-04-06,7.0,14.0,7.0,2234.0,11.0,True,True,2025-04,2248.0,-11.0,-0.04446420631392112,2223.8571428571427,2189.714285714286,False
2025-04-07,12.0,22.0,9.0,2237.0,5.0,True,True,2025-04,2259.0,-2.0,0.48932384341637825,2235.4285714285716,2198.0,False
2025-04-08,12.0,34.0,12.0,2243.0,9.0,True,True,2025-04,2277.0,-9.0,0.7968127490039834,2245.285714285714,2207.714285714286,False
2025-04-09,6.0,19.0,10.0,2251.0,5.0,True,True,2025-04,2270.0,-9.0,-0.30742204655248573,2252.714285714286,2216.714285714286,False
2025-04-10,18.0,25.0,17.0,2265.0,6.0,True,True,2025-04,2290.0,-5.0,0.8810572687224738,2261.714285714286,2225.6428571428573,False
2025-04-11,8.0,22.0,8.0,2267.0,9.0,True,True,2025-04,2289.0,-9.0,-0.04366812227074579,2268.8571428571427,2235.4285714285716,False
2025-04-13,5.0,26.0,10.0,2283.0,3.0,True,True,2025-04,2309.0,-8.0,0.8737439930100566,2277.4285714285716,2245.785714285714,False
2025-04-14,5.0,26.0,9.0,2282.0,13.0,True,True,2025-04,2308.0,-17.0,-0.04330879168471524,2286.0,2254.9285714285716,False
2025-04-15,4.0,19.0,12.0,2286.0,7.0,True,True,2025-04,2305.0,-15.0,-0.12998266897746857,2292.5714285714284,2264.0,False
2025-04-16,11.0,30.0,5.0,2291.0,8.0,True,True,2025-04,2321.0,-2.0,0.694143167028205,2298.8571428571427,2272.0714285714284,False
2025-04-17,7.0,26.0,10.0,2288.0,14.0,True,True,2025-04,2314.0,-17.0,-0.30159414045669575,2305.1428571428573,2278.9285714285716,False
2025-04-20,4.0,15.0,6.0,2305.0,4.0,True,True,2025-04,2320.0,-6.0,0.2592912705272177,2309.4285714285716,2285.5714285714284,False
2025-04-21,10.0,25.0,5.0,2308.0,6.0,True,True,2025-04,2333.0,-1.0,0.5603448275862011,2315.714285714286,2292.285714285714,False
2025-04-22,7.0,19.0,14.0,2305.0,17.0,True,True,2025-04,2324.0,-24.0,-0.385769395627944,2317.8571428571427,2297.6428571428573,False
2025-04-23,3.0,23.0,4.0,2300.0,11.0,True,True,2025-04,2323.0,-12.0,-0.0430292598967319,2320.0,2303.0,False
2025-04-24,3.0,9.0,7.0,2294.0,13.0,True,True,2025-04,2303.0,-17.0,-0.860955660783469,2319.714285714286,2306.1428571428573,False
2025-04-27,9.0,40.0,12.0,2301.0,4.0,True,True,2025-04,2341.0,-7.0,1.6500217108119886,2322.5714285714284,2310.714285714286,False
2025-04-28,6.0,26.0,12.0,2307.0,8.0,True,True,2025-04,2333.0,-14.0,-0.34173430158052076,2325.285714285714,2315.214285714286,False
2025-04-29,11.0,25.0,11.0,2304.0,15.0,True,True,2025-04,2329.0,-15.0,-0.17145306472353683,2326.5714285714284,2318.0,False
2025-04-30,7.0,34.0,9.0,2309.0,12.0,True,True,2025-04,2343.0,-14.0,0.6011163589523472,2328.0,2321.8571428571427,False
2025-05-01,13.0,32.0,14.0,2306.0,16.0,True,True,2025-05,2338.0,-17.0,-0.21340162185232714,2330.0,2323.9285714285716,False
2025-05-04,9.0,31.0,10.0,2335.0,5.0,True,True,2025-05,2366.0,-6.0,1.1976047904191711,2336.1428571428573,2328.0714285714284,False
2025-05-05,15.0,44.0,20.0,2331.0,17.0,True,True,2025-05,2375.0,-22.0,0.3803888419273038,2346.4285714285716,2333.0714285714284,False
2025-05-06,10.0,33.0,16.0,2339.0,16.0,True,True,2025-05,2372.0,-22.0,-0.1263157894736855,2350.8571428571427,2336.714285714286,False
2025-05-07,10.0,30.0,15.0,2335.0,10.0,True,True,2025-05,2365.0,-15.0,-0.295109612141653,2355.4285714285716,2340.3571428571427,False
2025-05-08,15.0,24.0,16.0,2361.0,11.0,True,True,2025-05,2385.0,-12.0,0.8456659619450413,2363.4285714285716,2345.0,False
2025-05-11,15.0,20.0,12.0,2385.0,3.0,True,True,2025-05,2405.0,0.0,0.8385744234800763,2372.285714285714,2350.1428571428573,False
2025-05-12,7.0,33.0,14.0,2392.0,7.0,True,True,2025-05,2425.0,-14.0,0.8316008316008316,2384.714285714286,2357.3571428571427,False
2025-05-13,18.0,29.0,12.0,2394.0,11.0,True,True,2025-05,2423.0,-5.0,-0.08247422680411898,2392.8571428571427,2364.5,False
2025-05-14,7.0,30.0,14.0,2394.0,11.0,True,True,2025-05,2424.0,-18.0,0.04127115146512761,2399.8571428571427,2373.1428571428573,False
2025-05-15,15.0,31.0,14.0,2410.0,14.0,True,True,2025-05,2441.0,-13.0,0.7013201320132056,2409.714285714286,2380.285714285714,False
2025-05-18,13.0,28.0,14.0,2437.0,9.0,True,True,2025-05,2465.0,-10.0,0.9832036050798854,2424.0,2389.714285714286,False
2025-05-19,7.0,27.0,17.0,2457.0,6.0,True,True,2025-05,2484.0,-16.0,0.7707910750507141,2438.1428571428573,2400.785714285714,False
2025-05-21,14.0,62.0,13.0,2467.0,18.0,True,True,2025-05,2529.0,-17.0,1.8115942028985588,2455.8571428571427,2414.0714285714284,False
2025-05-22,18.0,36.0,17.0,2473.0,15.0,True,True,2025-05,2509.0,-14.0,-0.7908264136022192,2467.8571428571427,2426.285714285714,False
2025-05-27,6.0,24.0,7.0,2504.0,11.0,True,True,2025-05,2528.0,-12.0,0.757273814268622,2482.8571428571427,2437.8571428571427,False
2025-05-28,12.0,39.0,12.0,2499.0,14.0,True,True,2025-05,2538.0,-14.0,0.39556962025315556,2499.1428571428573,2449.5,False
2025-05-29,13.0,38.0,15.0,2506.0,11.0,True,True,2025-05,2544.0,-13.0,0.23640661938533203,2513.8571428571427,2461.785714285714,False
2025-06-01,8.0,24.0,16.0,2528.0,12.0,True,True,2025-06,2552.0,-20.0,0.3144654088050425,2526.285714285714,2475.1428571428573,False
2025-06-02,10.0,19.0,5.0,2518.0,16.0,True,True,2025-06,2537.0,-11.0,-0.5877742946708508,2533.8571428571427,2486.0,False
2025-06-03,5.0,23.0,11.0,2519.0,15.0,True,True,2025-06,2542.0,-21.0,0.19708316909736734,2535.714285714286,2495.785714285714,False
2025-06-04,4.0,16.0,9.0,2516.0,16.0,True,True,2025-06,2532.0,-21.0,-0.3933910306844979,2539.0,2503.4285714285716,False
2025-06-05,8.0,26.0,5.0,2503.0,21.0,True,True,2025-06,2529.0,-18.0,-0.11848341232227888,2539.1428571428573,2511.0,False
2025-06-08,10.0,16.0,15.0,2507.0,13.0,True,True,2025-06,2523.0,-18.0,-0.23724792408066353,2537.0,2518.0714285714284,False
2025-06-09,8.0,21.0,14.0,2516.0,9.0,True,True,2025-06,2537.0,-15.0,0.5548949663099378,2536.0,2524.9285714285716,False
2025-06-10,17.0,28.0,7.0,2511.0,12.0,True,True,2025-06,2539.0,-2.0,0.07883326763893361,2534.1428571428573,2530.214285714286,False
2025-06-17,7.0,24.0,10.0,2523.0,14.0,True,True,2025-06,2547.0,-17.0,0.3150846790074935,2535.5714285714284,2534.714285714286,False
2025-06-19,8.0,19.0,7.0,2501.0,18.0,True,True,2025-06,2520.0,-17.0,-1.0600706713780883,2532.4285714285716,2534.0714285714284,False
2025-06-22,7.0,13.0,5.0,2508.0,7.0,True,True,2025-06,2521.0,-5.0,0.03968253968253954,2530.8571428571427,2534.9285714285716,False
2025-06-23,3.0,15.0,5.0,2495.0,17.0,True,True,2025-06,2510.0,-19.0,-0.4363347877826218,2528.1428571428573,2533.6428571428573,False
2025-06-24,5.0,20.0,5.0,2489.0,16.0,True,True,2025-06,2509.0,-16.0,-0.03984063745019473,2526.1428571428573,2531.5714285714284,False
2025-06-25,6.0,12.0,2.0,2470.0,24.0,True,True,2025-06,2482.0,-20.0,-1.0761259465922657,2518.285714285714,2527.1428571428573,False
2025-06-26,3.0,9.0,7.0,2447.0,35.0,True,True,2025-06,2456.0,-39.0,-1.0475423045930743,2506.4285714285716,2520.285714285714,False
2025-06-29,5.0,17.0,7.0,2413.0,20.0,True,True,2025-06,2430.0,-22.0,-1.0586319218241047,2489.714285714286,2512.6428571428573,False
2025-06-30,9.0,22.0,8.0,2407.0,16.0,True,True,2025-06,2429.0,-15.0,-0.04115226337448874,2476.714285714286,2504.5714285714284,False
2025-07-01,7.0,14.0,6.0,2391.0,22.0,True,True,2025-07,2405.0,-21.0,-0.9880609304240395,2460.1428571428573,2495.5,False
2025-07-02,8.0,20.0,9.0,2373.0,38.0,True,True,2025-07,2393.0,-39.0,-0.498960498960499,2443.4285714285716,2485.785714285714,False
2025-07-06,4.0,17.0,2.0,2332.0,8.0,True,True,2025-07,2349.0,-6.0,-1.8386961972419513,2420.5714285714284,2473.3571428571427,False
2025-07-07,3.0,18.0,8.0,2317.0,20.0,True,True,2025-07,2335.0,-25.0,-0.5959982971477262,2399.5714285714284,2458.9285714285716,False
2025-07-08,5.0,16.0,8.0,2306.0,20.0,True,True,2025-07,2322.0,-23.0,-0.5567451820128522,2380.4285714285716,2443.4285714285716,False
2025-07-09,2.0,18.0,0.0,2281.0,32.0,True,True,2025-07,2299.0,-30.0,-0.9905254091300608,2361.714285714286,2425.714285714286,False
2025-07-10,2.0,12.0,3.0,2252.0,39.0,True,True,2025-07,2264.0,-40.0,-1.5224010439321423,2338.1428571428573,2407.4285714285716,False
2025-07-13,1.0,13.0,4.0,2204.0,10.0,True,True,2025-07,2217.0,-13.0,-2.075971731448767,2311.285714285714,2385.714285714286,False
2025-07-14,2.0,9.0,1.0,2181.0,26.0,True,True,2025-07,2190.0,-25.0,-1.2178619756427644,2282.285714285714,2362.8571428571427,False
2025-07-15,0.0,8.0,5.0,2171.0,17.0,True,True,2025-07,2179.0,-22.0,-0.5022831050228271,2258.0,2339.285714285714,False
2025-07-16,1.0,9.0,0.0,2164.0,11.0,True,True,2025-07,2173.0,-10.0,-0.275355667737498,2234.8571428571427,2317.214285714286,False
2025-07-17,3.0,16.0,2.0,2153.0,17.0,True,True,2025-07,2169.0,-16.0,-0.18407731247124248,2213.0,2296.714285714286,False
2025-07-21,4.0,18.0,7.0,2121.0,16.0,True,True,2025-07,2139.0,-19.0,-1.3831258644536604,2190.1428571428573,2275.9285714285716,False
2025-07-22,5.0,13.0,3.0,2117.0,16.0,True,True,2025-07,2130.0,-14.0,-0.42075736325385416,2171.0,2254.5714285714284,False
2025-07-23,6.0,21.0,5.0,2111.0,14.0,True,True,2025-07,2132.0,-13.0,0.09389671361501595,2158.8571428571427,2235.0714285714284,False
2025-07-24,6.0,18.0,7.0,2096.0,29.0,True,True,2025-07,2114.0,-30.0,-0.8442776735459678,2148.0,2215.1428571428573,False
2025-07-27,1.0,12.0,2.0,2088.0,4.0,True,True,2025-07,2100.0,-5.0,-0.6622516556291425,2136.714285714286,2197.3571428571427,False
2025-07-28,2.0,9.0,3.0,2080.0,14.0,True,True,2025-07,2089.0,-15.0,-0.5238095238095264,2124.714285714286,2179.785714285714,False
2025-07-29,2.0,8.0,3.0,2072.0,12.0,True,True,2025-07,2080.0,-13.0,-0.43082814743896636,2112.0,2162.5,False
2025-07-30,4.0,15.0,4.0,2063.0,16.0,True,True,2025-07,2078.0,-16.0,-0.09615384615384581,2103.285714285714,2146.714285714286,False
2025-07-31,2.0,9.0,6.0,2058.0,15.0,True,True,2025-07,2067.0,-19.0,-0.5293551491819093,2094.285714285714,2132.6428571428573,False
2025-08-03,5.0,26.0,3.0,2049.0,5.0,True,True,2025-08,2075.0,-3.0,0.38703434929849845,2086.1428571428573,2122.5,False
2025-08-04,5.0,22.0,11.0,2040.0,14.0,True,True,2025-08,2062.0,-20.0,-0.6265060240963849,2078.714285714286,2113.3571428571427,False
2025-08-05,2.0,21.0,10.0,2042.0,14.0,True,True,2025-08,2063.0,-22.0,0.04849660523762456,2073.4285714285716,2105.0714285714284,False
2025-08-06,4.0,17.0,3.0,2036.0,13.0,True,True,2025-08,2053.0,-12.0,-0.4847309743092554,2068.285714285714,2096.5,False
2025-08-07,4.0,18.0,6.0,2031.0,17.0,True,True,2025-08,2049.0,-19.0,-0.1948368241597609,2063.8571428571427,2087.9285714285716,False
2025-08-10,0.0,18.0,8.0,2006.0,12.0,True,True,2025-08,2024.0,-20.0,-1.2201073694485087,2056.1428571428573,2079.714285714286,False
2025-08-11,6.0,23.0,4.0,1999.0,16.0,True,True,2025-08,2022.0,-14.0,-0.09881422924901129,2049.714285714286,2072.0,False
2025-08-12,8.0,38.0,9.0,1999.0,9.0,True,True,2025-08,2037.0,-10.0,0.7418397626112849,2044.2857142857142,2065.214285714286,False
2025-08-13,6.0,22.0,12.0,1997.0,17.0,True,True,2025-08,2019.0,-23.0,-0.8836524300441795,2038.142857142857,2058.4285714285716,False
2025-08-14,3.0,27.0,4.0,1994.0,11.0,True,True,2025-08,2021.0,-12.0,0.0990589400693409,2032.142857142857,2052.785714285714,False
2025-08-17,4.0,14.0,2.0,1991.0,3.0,True,True,2025-08,2005.0,-1.0,-0.7916872835230127,2025.2857142857142,2046.7857142857142,False
2025-08-18,4.0,20.0,6.0,1985.0,14.0,True,True,2025-08,2005.0,-16.0,0.0,2019.0,2041.4285714285713,False
2025-08-19,5.0,35.0,3.0,1980.0,11.0,True,True,2025-08,2015.0,-9.0,0.4987531172069737,2017.7142857142858,2036.9285714285713,False
2025-08-20,10.0,38.0,10.0,1983.0,10.0,True,True,2025-08,2021.0,-10.0,0.29776674937964653,2017.5714285714287,2033.642857142857,False
2025-08-21,6.0,49.0,8.0,1972.0,21.0,True,True,2025-08,2021.0,-23.0,0.0,2015.2857142857142,2029.7857142857142,False
2025-08-24,4.0,21.0,5.0,1981.0,5.0,True,True,2025-08,2002.0,-6.0,-0.9401286491835692,2012.857142857143,2025.5,False
2025-08-25,8.0,30.0,8.0,1980.0,11.0,True,True,2025-08,2010.0,-11.0,0.3996003996004083,2011.2857142857142,2021.7142857142858,False
2025-08-26,10.0,21.0,20.0,1989.0,15.0,True,True,2025-08,2010.0,-25.0,0.0,2012.0,2018.642857142857,False
2025-08-27,5.0,19.0,9.0,1988.0,19.0,True,True,2025-08,2007.0,-23.0,-0.14925373134327957,2012.2857142857142,2015.642857142857,False
2025-08-28,8.0,33.0,6.0,1984.0,17.0,True,True,2025-08,2017.0,-15.0,0.49825610363727346,2012.5714285714287,2015.142857142857,False
2025-09-01,10.0,29.0,17.0,2010.0,5.0,True,True,2025-09,2039.0,-12.0,1.0907288051561714,2015.142857142857,2016.357142857143,False
2025-09-02,6.0,35.0,9.0,2020.0,9.0,True,True,2025-09,2055.0,-12.0,0.7846983815595898,2020.0,2017.642857142857,False
2025-09-03,4.0,29.0,11.0,2019.0,10.0,True,True,2025-09,2048.0,-17.0,-0.3406326034063212,2026.5714285714287,2019.7142857142858,False
2025-09-04,11.0,40.0,2.0,2015.0,14.0,True,True,2025-09,2055.0,-5.0,0.341796875,2033.0,2022.142857142857,False
2025-09-07,4.0,19.0,9.0,2026.0,7.0,True,True,2025-09,2045.0,-12.0,-0.48661800486617945,2038.0,2025.0,False
2025-09-08,7.0,25.0,5.0,2025.0,6.0,True,True,2025-09,2050.0,-4.0,0.24449877750611915,2044.142857142857,2028.2142857142858,False
2025-09-09,18.0,42.0,11.0,2023.0,14.0,True,True,2025-09,2065.0,-7.0,0.7317073170731714,2051.0,2031.7857142857142,False
2025-09-10,10.0,47.0,14.0,2025.0,18.0,True,True,2025-09,2072.0,-22.0,0.3389830508474523,2055.714285714286,2035.4285714285713,False
2025-09-11,12.0,38.0,29.0,2047.0,6.0,True,True,2025-09,2085.0,-23.0,0.6274131274131234,2060.0,2040.0,False
2025-09-14,7.0,39.0,13.0,2083.0,5.0,True,True,2025-09,2122.0,-11.0,1.7745803357314127,2070.5714285714284,2048.5714285714284,False
2025-09-15,9.0,47.0,10.0,2086.0,10.0,True,True,2025-09,2133.0,-11.0,0.5183788878416529,2081.714285714286,2057.3571428571427,False
2025-09-16,7.0,28.0,17.0,2095.0,12.0,True,True,2025-09,2123.0,-22.0,-0.46882325363337696,2092.8571428571427,2065.4285714285716,False
2025-09-17,7.0,38.0,5.0,2096.0,13.0,True,True,2025-09,2134.0,-11.0,0.5181347150259086,2104.8571428571427,2074.5,False
2025-09-18,20.0,52.0,11.0,2096.0,14.0,True,True,2025-09,2148.0,-5.0,0.6560449859418949,2116.714285714286,2083.8571428571427,False
2025-09-21,8.0,35.0,13.0,2134.0,5.0,True,True,2025-09,2169.0,-10.0,0.9776536312849249,2130.5714285714284,2093.1428571428573,False
2025-09-22,17.0,40.0,14.0,2141.0,10.0,True,True,2025-09,2181.0,-7.0,0.5532503457814641,2144.285714285714,2102.1428571428573,False
2025-09-23,11.0,36.0,10.0,2145.0,15.0,True,True,2025-09,2181.0,-14.0,0.0,2152.714285714286,2111.6428571428573,False
2025-09-24,3.0,38.0,12.0,2138.0,17.0,True,True,2025-09,2176.0,-26.0,-0.22925263640531934,2158.8571428571427,2120.285714285714,False
2025-09-25,6.0,35.0,12.0,2132.0,18.0,True,True,2025-09,2167.0,-24.0,-0.4136029411764719,2165.1428571428573,2129.0,False
2025-09-28,11.0,29.0,12.0,2146.0,9.0,True,True,2025-09,2175.0,-10.0,0.369173973234882,2171.0,2137.9285714285716,False
2025-09-29,8.0,35.0,12.0,2148.0,13.0,True,True,2025-09,2183.0,-17.0,0.36781609195402076,2176.0,2146.3571428571427,False
2025-09-30,8.0,32.0,12.0,2159.0,7.0,True,True,2025-09,2191.0,-11.0,0.3664681630783262,2179.1428571428573,2154.8571428571427,False
2025-10-01,4.0,33.0,12.0,2163.0,14.0,True,True,2025-10,2196.0,-22.0,0.22820629849384932,2181.285714285714,2162.785714285714,False
2025-10-02,20.0,51.0,15.0,2164.0,16.0,True,True,2025-10,2215.0,-11.0,0.8652094717668479,2186.1428571428573,2169.4285714285716,False
2025-10-05,8.0,28.0,13.0,2180.0,16.0,True,True,2025-10,2208.0,-21.0,-0.31602708803611934,2190.714285714286,2174.785714285714,False
2025-10-06,5.0,33.0,15.0,2187.0,10.0,True,True,2025-10,2220.0,-20.0,0.5434782608695565,2198.285714285714,2181.714285714286,False
2025-10-07,11.0,45.0,4.0,2189.0,10.0,True,True,2025-10,2234.0,-3.0,0.6306306306306242,2206.714285714286,2188.8571428571427,False
2025-10-08,8.0,49.0,15.0,2192.0,17.0,True,True,2025-10,2241.0,-24.0,0.3133393017009878,2215.0,2195.5,False
2025-10-09,11.0,55.0,13.0,2192.0,12.0,True,True,2025-10,2247.0,-14.0,0.2677376171352108,2223.0,2201.0714285714284,False
2025-10-13,8.0,24.0,7.0,2223.0,6.0,True,True,2025-10,2247.0,-5.0,0.0,2230.285714285714,2205.785714285714,False
2025-10-14,7.0,30.0,16.0,2235.0,8.0,True,True,2025-10,2265.0,-17.0,0.8010680907877266,2237.4285714285716,2211.785714285714,False
2025-10-15,8.0,29.0,10.0,2225.0,15.0,True,True,2025-10,2254.0,-17.0,-0.4856512141280356,2244.0,2217.3571428571427,False
2025-10-16,9.0,33.0,15.0,2233.0,9.0,True,True,2025-10,2266.0,-15.0,0.5323868677906018,2250.5714285714284,2224.4285714285716,False
2025-10-19,9.0,34.0,17.0,2237.0,7.0,True,True,2025-10,2271.0,-15.0,0.22065313327448433,2255.8571428571427,2231.285714285714,False
2025-10-20,10.0,39.0,6.0,2243.0,7.0,True,True,2025-10,2282.0,-3.0,0.484368119771017,2261.714285714286,2238.3571428571427,False
2025-10-21,13.0,39.0,17.0,2251.0,9.0,True,True,2025-10,2290.0,-13.0,0.35056967572304476,2267.8571428571427,2245.4285714285716,False
2025-10-22,12.0,42.0,13.0,2261.0,12.0,True,True,2025-10,2303.0,-13.0,0.5676855895196509,2275.8571428571427,2253.0714285714284,False
2025-10-23,4.0,27.0,26.0,2266.0,18.0,True,True,2025-10,2293.0,-40.0,-0.43421623968736833,2279.8571428571427,2258.6428571428573,False
2025-10-26,4.0,35.0,12.0,2276.0,10.0,True,True,2025-10,2311.0,-18.0,0.7849978194504947,2288.0,2266.0,False
2025-10-27,2.0,31.0,8.0,2282.0,11.0,True,True,2025-10,2313.0,-17.0,0.08654262224145892,2294.714285714286,2272.6428571428573,False
2025-10-28,6.0,22.0,11.0,2286.0,6.0,True,True,2025-10,2308.0,-11.0,-0.2161694768698652,2300.0,2277.9285714285716,False
2025-10-29,6.0,25.0,4.0,2280.0,17.0,True,True,2025-10,2305.0,-15.0,-0.12998266897746857,2303.285714285714,2282.5,False
2025-10-30,3.0,17.0,14.0,2287.0,12.0,True,True,2025-10,2304.0,-23.0,-0.04338394793925726,2305.285714285714,2286.5714285714284,False
2025-11-02,5.0,21.0,10.0,2277.0,7.0,True,True,2025-11,2298.0,-12.0,-0.26041666666666297,2304.5714285714284,2290.214285714286,False
2025-11-03,3.0,28.0,5.0,2269.0,12.0,True,True,2025-11,2297.0,-14.0,-0.04351610095735259,2305.1428571428573,2292.5,False
2025-11-04,6.0,33.0,6.0,2270.0,8.0,True,True,2025-11,2303.0,-8.0,0.2612102742707956,2304.0,2296.0,False
2025-11-05,8.0,41.0,8.0,2272.0,7.0,True,True,2025-11,2313.0,-7.0,0.43421623968735723,2304.0,2299.3571428571427,False
2025-11-06,6.0,33.0,9.0,2264.0,19.0,True,True,2025-11,2297.0,-22.0,-0.6917423259835687,2302.4285714285716,2301.214285714286,False
2025-11-09,11.0,33.0,5.0,2294.0,4.0,True,True,2025-11,2327.0,2.0,1.3060513713539335,2305.5714285714284,2304.4285714285716,False
2025-11-11,11.0,39.0,12.0,2294.0,14.0,True,True,2025-11,2333.0,-15.0,0.25784271594326835,2309.714285714286,2307.5,False
2025-11-12,14.0,48.0,20.0,2302.0,7.0,True,True,2025-11,2350.0,-13.0,0.7286755250750065,2317.1428571428573,2310.8571428571427,False
2025-11-13,6.0,26.0,16.0,2317.0,5.0,True,True,2025-11,2343.0,-15.0,-0.29787234042553123,2323.714285714286,2314.4285714285716,False
2025-11-16,5.0,22.0,3.0,2340.0,5.0,True,True,2025-11,2362.0,-3.0,0.8109261630388387,2332.1428571428573,2318.0714285714284,False
2025-11-17,1.0,35.0,6.0,2343.0,8.0,True,True,2025-11,2378.0,-13.0,0.6773920406435208,2341.4285714285716,2322.714285714286,False
2025-11-18,2.0,38.0,8.0,2345.0,12.0,True,True,2025-11,2383.0,-18.0,0.2102607232968845,2353.714285714286,2328.0714285714284,False
2025-11-19,7.0,32.0,3.0,2340.0,10.0,True,True,2025-11,2372.0,-6.0,-0.46160302140159093,2360.1428571428573,2332.8571428571427,False
2025-11-20,18.0,57.0,8.0,2340.0,9.0,True,True,2025-11,2397.0,1.0,1.0539629005059004,2369.285714285714,2339.5,False
2025-11-23,3.0,46.0,22.0,2375.0,1.0,True,True,2025-11,2421.0,-20.0,1.001251564455563,2379.4285714285716,2348.285714285714,False
2025-11-24,9.0,40.0,9.0,2371.0,13.0,True,True,2025-11,2411.0,-13.0,-0.41305245766212195,2389.1428571428573,2356.4285714285716,False
2025-11-25,6.0,47.0,14.0,2375.0,11.0,True,True,2025-11,2422.0,-19.0,0.45624222314393226,2397.714285714286,2364.9285714285716,False
2025-11-27,4.0,24.0,8.0,2389.0,7.0,True,True,2025-11,2413.0,-11.0,-0.37159372419488523,2402.714285714286,2372.0714285714284,False
2025-11-30,4.0,18.0,10.0,2415.0,0.0,True,True,2025-11,2433.0,-6.0,0.8288437629506928,2409.8571428571427,2381.785714285714,False
2025-12-01,4.0,26.0,4.0,2410.0,9.0,True,True,2025-12,2436.0,-9.0,0.12330456226881115,2419.0,2389.5714285714284,False
2025-12-02,7.0,34.0,6.0,2407.0,8.0,True,True,2025-12,2441.0,-7.0,0.20525451559934016,2425.285714285714,2397.285714285714,False
2025-12-03,4.0,32.0,8.0,2419.0,7.0,True,True,2025-12,2451.0,-11.0,0.4096681687832948,2429.5714285714284,2404.5,False
2025-12-04,16.0,39.0,7.0,2418.0,13.0,True,True,2025-12,2457.0,-4.0,0.244798041615657,2436.1428571428573,2412.6428571428573,False
2025-12-07,4.0,24.0,13.0,2429.0,12.0,True,True,2025-12,2453.0,-21.0,-0.16280016280015852,2440.5714285714284,2419.1428571428573,False
2025-12-08,9.0,27.0,9.0,2440.0,4.0,True,True,2025-12,2467.0,-4.0,0.570729718711771,2448.285714285714,2425.5,False
2025-12-09,4.0,30.0,7.0,2443.0,8.0,True,True,2025-12,2473.0,-11.0,0.2432103769760774,2454.0,2431.9285714285716,False
2025-12-10,10.0,54.0,5.0,2439.0,9.0,True,True,2025-12,2493.0,-4.0,0.8087343307723316,2462.1428571428573,2440.5714285714284,False
2025-12-11,7.0,47.0,9.0,2437.0,10.0,True,True,2025-12,2484.0,-12.0,-0.3610108303249149,2468.285714285714,2446.785714285714,False
2025-12-14,8.0,35.0,4.0,2462.0,8.0,True,True,2025-12,2497.0,-4.0,0.523349436392917,2474.8571428571427,2452.214285714286,False
2025-12-15,11.0,42.0,9.0,2470.0,7.0,True,True,2025-12,2512.0,-5.0,0.6007208650380402,2482.714285714286,2459.4285714285716,False
2025-12-16,8.0,54.0,15.0,2468.0,9.0,True,True,2025-12,2522.0,-16.0,0.398089171974525,2492.5714285714284,2466.5714285714284,False
2025-12-17,7.0,31.0,11.0,2481.0,10.0,True,True,2025-12,2512.0,-14.0,-0.3965107057890549,2499.0,2473.6428571428573,False
2025-12-18,11.0,50.0,6.0,2472.0,16.0,True,True,2025-12,2522.0,-11.0,0.398089171974525,2506.0,2480.0,False
2025-12-21,6.0,18.0,11.0,2484.0,14.0,True,True,2025-12,2502.0,-19.0,-0.7930214115781098,2507.285714285714,2484.714285714286,False
